==================== 2026-10-06T10:15:21.575081Z | 00000000-0000-0000-0000-000000000000 ====================
==================== 2026-10-06T10:15:21.577161Z | d98e1ba9-327f-46a6-8cd8-4cca6c5ca730 ====================
10:15:21.578704 [info ]: Starting dbt LSP server
10:15:21.578954 [info ]: Connecting to LSP client on port 8000
10:15:21.583115 [info ]: Successfully connected to LSP client
10:15:21.583460 [info ]: Creating LSP service...
10:15:21.589972 [info ]: Creating LSP server...
10:15:21.590071 [info ]: Starting LSP server...
10:15:21.764263 [info ]: Loading ~/.dbt/profiles.yml
==================== 2026-10-06T10:15:21.995835Z | 118a4727-596a-4d4f-9b2e-db839eaa96cc ====================
10:15:21.996265 [info ]: Started loading project
10:15:22.001485 [info ]: Loading ~/.dbt/profiles.yml
10:15:22.041915 [debug]:    Started loading packages
10:15:22.047101 [debug]:     Loaded [  0.01s] packages
10:15:22.057787 [info ]: Finished loading project [  0.06s]
10:15:22.060818 [info ]: Started parsing
10:15:22.212764 [debug]: Finished parsing models/intermediate/int_order_products.yml [  0.01s]
10:15:22.213420 [debug]: Finished parsing models/marts/customer_locations.yml [  0.00s]
10:15:22.213869 [debug]: Finished parsing models/marts/product_performance.yml [  0.00s]
10:15:22.215780 [debug]: Finished parsing models/staging/__sources.yml [  0.00s]
10:15:22.216518 [debug]: Finished parsing models/staging/stg_customers.yml [  0.00s]
10:15:22.216907 [debug]: Finished parsing models/staging/stg_geolocation.yml [  0.00s]
10:15:22.217525 [debug]: Finished parsing models/staging/stg_order_items.yml [  0.00s]
10:15:22.217968 [debug]: Finished parsing models/staging/stg_order_payments.yml [  0.00s]
10:15:22.218380 [debug]: Finished parsing models/staging/stg_order_reviews.yml [  0.00s]
10:15:22.218770 [debug]: Finished parsing models/staging/stg_orders.yml [  0.00s]
10:15:22.219089 [debug]: Finished parsing models/staging/stg_product_category_name_translation.yml [  0.00s]
10:15:22.219381 [debug]: Finished parsing models/staging/stg_products.yml [  0.00s]
10:15:22.219814 [debug]: Finished parsing models/staging/stg_sellers.yml [  0.00s]
10:15:22.254175 [debug]: Finished parsing models/intermediate/int_order_products.sql [  0.02s]
10:15:22.255730 [debug]: Finished parsing models/marts/customer_locations.sql [  0.00s]
10:15:22.257578 [debug]: Finished parsing models/marts/product_performance.sql [  0.00s]
10:15:22.258724 [debug]: Finished parsing models/staging/stg_customers.sql [  0.00s]
10:15:22.260002 [debug]: Finished parsing models/staging/stg_geolocation.sql [  0.00s]
10:15:22.261941 [debug]: Finished parsing models/staging/stg_order_items.sql [  0.00s]
10:15:22.263868 [debug]: Finished parsing models/staging/stg_order_payments.sql [  0.00s]
10:15:22.266867 [debug]: Finished parsing models/staging/stg_order_reviews.sql [  0.00s]
10:15:22.268647 [debug]: Finished parsing models/staging/stg_orders.sql [  0.00s]
10:15:22.270583 [debug]: Finished parsing models/staging/stg_product_category_name_translation.sql [  0.00s]
10:15:22.271655 [debug]: Finished parsing models/staging/stg_products.sql [  0.00s]
10:15:22.273558 [debug]: Finished parsing models/staging/stg_sellers.sql [  0.00s]
10:15:22.550507 [info ]: Finished parsing [  0.49s]
10:15:22.554431 [info ]: Cached model count updated: 12 models (estimate)
10:15:22.554521 [info ]: Cached model count updated: 12 models (accurate)
10:15:22.555708 [info ]: Started scheduling
10:15:22.559513 [info ]: Finished scheduling [  0.00s]
10:15:22.559743 [debug]: Compilation - 0 nodes selected: {}
10:15:22.561643 [warn ]: [NoNodesForSelectionCriteria (dbt1092)]: The selection criterion '' does not match any enabled nodes
10:15:22.561851 [warn ]: [NoNodesSelected (dbt1601)]: Nothing to do. Try checking your model configs and model specification args
10:15:22.562477 [info ]: Started scheduling
10:15:22.564122 [info ]: Finished scheduling [  0.00s]
10:15:22.587617 [debug]: Initializing schema store with entry: Frontier(CanonicalFqn { catalog: "FINALPROJECT1", schema: "RAW", table: "OLIST_ORDER_ITEMS_DATASET" }) and interval: None
10:15:22.590711 [debug]: Initializing schema store with entry: Frontier(CanonicalFqn { catalog: "FINALPROJECT1", schema: "RAW", table: "OLIST_CUSTOMER_DATASET" }) and interval: None
10:15:22.590876 [debug]: Initializing schema store with entry: Frontier(CanonicalFqn { catalog: "FINALPROJECT1", schema: "RAW", table: "OLIST_ORDERS_DATASET" }) and interval: None
10:15:22.590940 [debug]: Initializing schema store with entry: Frontier(CanonicalFqn { catalog: "FINALPROJECT1", schema: "RAW", table: "OLIST_ORDER_REVIEWS_DATASET" }) and interval: None
10:15:22.591040 [debug]: Initializing schema store with entry: Frontier(CanonicalFqn { catalog: "FINALPROJECT1", schema: "RAW", table: "OLIST_ORDER_PAYMENTS_DATASET" }) and interval: None
10:15:22.591160 [debug]: Initializing schema store with entry: Frontier(CanonicalFqn { catalog: "FINALPROJECT1", schema: "RAW", table: "OLIST_GEOLOCATION_DATASET" }) and interval: None
10:15:22.591267 [debug]: Initializing schema store with entry: Frontier(CanonicalFqn { catalog: "FINALPROJECT1", schema: "RAW", table: "OLIST_PRODUCTS_DATASET" }) and interval: None
10:15:22.591326 [debug]: Initializing schema store with entry: Frontier(CanonicalFqn { catalog: "FINALPROJECT1", schema: "RAW", table: "OLIST_SELLERS_DATASET" }) and interval: None
10:15:22.591460 [debug]: Initializing schema store with entry: Frontier(CanonicalFqn { catalog: "FINALPROJECT1", schema: "RAW", table: "PRODUCT_CATEGORY_NAME_TRANSLATION" }) and interval: None
10:15:22.610426 [info ]: Started building task graph
10:15:22.612323 [info ]: Finished building task graph [  0.00s]
10:15:22.668735 [info ]: Started scheduling
10:15:22.668929 [info ]: Finished scheduling [  0.00s]
10:15:22.669144 [info ]: 
==================== Execution Summary =====================
Finished 'compile' with 2 warnings for target 'dev' [673ms]
10:15:22.669503 [info ]: Cached model count updated: 12 models (accurate)
==================== 2026-10-06T10:15:24.016836Z | ef54faa0-ae3e-4e38-9120-01b2824652a4 ====================
10:15:24.017457 [info ]: Started loading project
10:15:24.018275 [info ]: Loading ~/.dbt/profiles.yml
10:15:24.027618 [info ]: Finished loading project [  0.01s]
10:15:24.120425 [info ]: Cached model count updated: 12 models (estimate)
10:15:24.120549 [info ]: Cached model count updated: 12 models (accurate)
10:15:24.120654 [info ]: Started scheduling
10:15:24.122819 [info ]: Finished scheduling [  0.00s]
10:15:24.123032 [debug]: Compilation - 12 nodes selected: {"model.finalproject.customer_locations", "model.finalproject.int_order_products", "model.finalproject.product_performance", "model.finalproject.stg_customers", "model.finalproject.stg_geolocation", "model.finalproject.stg_order_items", "model.finalproject.stg_order_payments", "model.finalproject.stg_order_reviews", "model.finalproject.stg_orders", "model.finalproject.stg_product_category_name_translation", "model.finalproject.stg_products", "model.finalproject.stg_sellers"}
10:15:24.143268 [info ]: Started building task graph
10:15:24.152795 [info ]: Finished building task graph [  0.01s]
10:15:24.165456 [info ]: Started rendering (12 nodes)
10:15:24.166103 [info ]: Started model RAW.stg_sellers
10:15:24.167050 [debug]: Started rendering model RAW.stg_sellers
10:15:24.167885 [info ]: Started model RAW.stg_product_category_name_translation
10:15:24.167995 [debug]: Started rendering model RAW.stg_product_category_name_translation
10:15:24.168043 [info ]: Started model RAW.stg_orders
10:15:24.168055 [debug]: Started rendering model RAW.stg_orders
10:15:24.168074 [info ]: Started model RAW.stg_order_reviews
10:15:24.168084 [debug]: Started rendering model RAW.stg_order_reviews
10:15:24.168107 [info ]: Started model RAW.stg_order_payments
10:15:24.168182 [debug]: Started rendering model RAW.stg_order_payments
10:15:24.168264 [info ]: Started model RAW.stg_geolocation
10:15:24.168282 [debug]: Started rendering model RAW.stg_geolocation
10:15:24.168301 [info ]: Started model RAW.stg_products
10:15:24.168361 [debug]: Started rendering model RAW.stg_products
10:15:24.168394 [info ]: Started model RAW.stg_order_items
10:15:24.168408 [debug]: Started rendering model RAW.stg_order_items
10:15:24.169732 [info ]: Started model RAW.stg_customers
10:15:24.169874 [debug]: Started rendering model RAW.stg_customers
10:15:24.183799 [debug]: Compiled SQL for node model.finalproject.stg_customers at target/.lsp/compiled/finalproject/models/staging/stg_customers.sql
10:15:24.183943 [debug]: Compiled SQL for node model.finalproject.stg_products at target/.lsp/compiled/finalproject/models/staging/stg_products.sql
10:15:24.184812 [debug]: Compiled SQL for node model.finalproject.stg_orders at target/.lsp/compiled/finalproject/models/staging/stg_orders.sql
10:15:24.186715 [debug]: Compiled SQL for node model.finalproject.stg_order_reviews at target/.lsp/compiled/finalproject/models/staging/stg_order_reviews.sql
10:15:24.186795 [debug]: Finished rendering [  0.02s] model RAW.stg_customers [success]
10:15:24.188184 [debug]: Compiled SQL for node model.finalproject.stg_order_items at target/.lsp/compiled/finalproject/models/staging/stg_order_items.sql
10:15:24.190041 [debug]: Compiled SQL for node model.finalproject.stg_sellers at target/.lsp/compiled/finalproject/models/staging/stg_sellers.sql
10:15:24.191624 [debug]: Compiled SQL for node model.finalproject.stg_order_payments at target/.lsp/compiled/finalproject/models/staging/stg_order_payments.sql
10:15:24.191945 [debug]: Compiled SQL for node model.finalproject.stg_geolocation at target/.lsp/compiled/finalproject/models/staging/stg_geolocation.sql
10:15:24.192989 [debug]: Compiled SQL for node model.finalproject.stg_product_category_name_translation at target/.lsp/compiled/finalproject/models/staging/stg_product_category_name_translation.sql
10:15:24.194587 [info ]: Started analyzing (12 nodes)
10:15:24.194777 [debug]: Started analyzing model RAW.stg_customers
10:15:24.195074 [debug]: Finished rendering [  0.03s] model RAW.stg_order_reviews [success]
10:15:24.195178 [debug]: Started analyzing model RAW.stg_order_reviews
10:15:24.195304 [debug]: Finished rendering [  0.03s] model RAW.stg_order_items [success]
10:15:24.195389 [debug]: Started analyzing model RAW.stg_order_items
10:15:24.195491 [debug]: Finished rendering [  0.03s] model RAW.stg_products [success]
10:15:24.195519 [debug]: Started analyzing model RAW.stg_products
10:15:24.195669 [debug]: Finished rendering [  0.03s] model RAW.stg_orders [success]
10:15:24.195702 [debug]: Started analyzing model RAW.stg_orders
10:15:24.195795 [debug]: Finished rendering [  0.03s] model RAW.stg_sellers [success]
10:15:24.195835 [debug]: Started analyzing model RAW.stg_sellers
10:15:24.195884 [debug]: Finished rendering [  0.03s] model RAW.stg_order_payments [success]
10:15:24.195917 [debug]: Started analyzing model RAW.stg_order_payments
10:15:24.195949 [debug]: Finished rendering [  0.03s] model RAW.stg_geolocation [success]
10:15:24.195969 [debug]: Started analyzing model RAW.stg_geolocation
10:15:24.196004 [debug]: Finished rendering [  0.03s] model RAW.stg_product_category_name_translation [success]
10:15:24.196033 [debug]: Started analyzing model RAW.stg_product_category_name_translation
10:15:24.455161 [debug]: Finished analyzing [  0.26s] model RAW.stg_customers [success]
10:15:24.455262 [info ]:  Succeeded model RAW.stg_customers (view) [9 of 12 in 0.28s]
10:15:24.455331 [info ]: Started model RAW.customer_locations
10:15:24.455357 [debug]: Started rendering model RAW.customer_locations
10:15:24.455449 [debug]: Finished analyzing [  0.26s] model RAW.stg_orders [success]
10:15:24.455523 [info ]:  Succeeded model RAW.stg_orders (view) [3 of 12 in 0.29s]
10:15:24.455564 [debug]: Finished analyzing [  0.26s] model RAW.stg_order_items [success]
10:15:24.455576 [info ]:  Succeeded model RAW.stg_order_items (view) [8 of 12 in 0.29s]
10:15:24.455595 [debug]: Finished analyzing [  0.26s] model RAW.stg_order_reviews [success]
10:15:24.455607 [info ]:  Succeeded model RAW.stg_order_reviews (view) [4 of 12 in 0.29s]
10:15:24.455626 [debug]: Finished analyzing [  0.26s] model RAW.stg_sellers [success]
10:15:24.455635 [info ]:  Succeeded model RAW.stg_sellers (view) [1 of 12 in 0.29s]
10:15:24.455653 [debug]: Finished analyzing [  0.26s] model RAW.stg_products [success]
10:15:24.455661 [info ]:  Succeeded model RAW.stg_products (view) [7 of 12 in 0.29s]
10:15:24.455690 [info ]: Started model RAW.int_order_products
10:15:24.455704 [debug]: Started rendering model RAW.int_order_products
10:15:24.455799 [debug]: Finished analyzing [  0.26s] model RAW.stg_geolocation [success]
10:15:24.455874 [info ]:  Succeeded model RAW.stg_geolocation (view) [6 of 12 in 0.29s]
10:15:24.455916 [debug]: Finished analyzing [  0.26s] model RAW.stg_order_payments [success]
10:15:24.455926 [info ]:  Succeeded model RAW.stg_order_payments (view) [5 of 12 in 0.29s]
10:15:24.456211 [debug]: Finished analyzing [  0.26s] model RAW.stg_product_category_name_translation [success]
10:15:24.456302 [info ]:  Succeeded model RAW.stg_product_category_name_translation (view) [2 of 12 in 0.29s]
10:15:24.458129 [debug]: Compiled SQL for node model.finalproject.customer_locations at target/.lsp/compiled/finalproject/models/marts/customer_locations.sql
10:15:24.458550 [debug]: Finished rendering [  0.00s] model RAW.customer_locations [success]
10:15:24.458860 [debug]: Started analyzing model RAW.customer_locations
10:15:24.459043 [debug]: Compiled SQL for node model.finalproject.int_order_products at target/.lsp/compiled/finalproject/models/intermediate/int_order_products.sql
10:15:24.461511 [debug]: Finished rendering [  0.01s] model RAW.int_order_products [success]
10:15:24.461676 [debug]: Started analyzing model RAW.int_order_products
10:15:24.491450 [debug]: Finished analyzing [  0.03s] model RAW.int_order_products [success]
10:15:24.491576 [info ]:  Succeeded model RAW.int_order_products (view) [11 of 12 in 0.03s]
10:15:24.491638 [info ]: Started model RAW.product_performance
10:15:24.491654 [debug]: Started rendering model RAW.product_performance
10:15:24.494081 [debug]: Compiled SQL for node model.finalproject.product_performance at target/.lsp/compiled/finalproject/models/marts/product_performance.sql
10:15:24.494546 [debug]: Finished rendering [  0.00s] model RAW.product_performance [success]
10:15:24.494635 [info ]: Finished rendering [  0.33s] (12 nodes, 0 skipped, 0 errors)
10:15:24.494676 [debug]: Started analyzing model RAW.product_performance
10:15:24.515631 [debug]: Finished analyzing [  0.02s] model RAW.product_performance [success]
10:15:24.515734 [info ]:  Succeeded model RAW.product_performance (table) [12 of 12 in 0.02s]
10:15:24.515791 [debug]: Finished analyzing [  0.06s] model RAW.customer_locations [success]
10:15:24.515807 [info ]: Finished analyzing [  0.32s] (12 nodes, 0 skipped, 0 errors)
10:15:24.515818 [info ]:  Succeeded model RAW.customer_locations (table) [10 of 12 in 0.06s]
10:15:24.536403 [info ]: Started scheduling
10:15:24.536628 [info ]: Finished scheduling [  0.00s]
10:15:24.536737 [info ]: 
==================== Execution Summary =====================
Finished 'compile' successfully for target 'dev' [519ms]
Processed: 12 models
Summary: 12 total | 12 success
10:15:24.537044 [info ]: Cached model count updated: 12 models (accurate)
10:18:08.910237 [debug]: Ignoring unsupported LSP notification
10:19:45.994618 [debug]: Ignoring unsupported LSP notification
10:22:00.030697 [debug]: Ignoring unsupported LSP notification
10:22:02.038258 [debug]: Ignoring unsupported LSP notification
10:22:02.254318 [debug]: Ignoring unsupported LSP notification
10:22:37.786341 [debug]: Ignoring unsupported LSP notification
10:23:22.701844 [debug]: Ignoring unsupported LSP notification
10:23:24.494604 [debug]: Ignoring unsupported LSP notification
==================== 2026-10-06T10:23:27.081048Z | 0150f3c6-9025-41b8-a67a-099e89cc787a ====================
10:23:27.088461 [info ]: Started loading project
10:23:27.146128 [info ]: Loading ~/.dbt/profiles.yml
10:23:27.256942 [info ]: Finished loading project [  0.17s]
10:23:27.415951 [info ]: 
==================== Execution Summary =====================
Finished 'compile' successfully for target 'dev' [334ms]
10:23:27.417971 [info ]: Cached model count updated: 12 models (accurate)
==================== 2026-10-06T10:23:28.695980Z | 6f42c8a2-11de-4d4a-a515-110e14b4d8c8 ====================
10:23:28.696443 [info ]: Started loading project
10:23:28.698313 [info ]: Loading ~/.dbt/profiles.yml
10:23:28.711384 [info ]: Finished loading project [  0.01s]
10:23:28.796628 [info ]: Cached model count updated: 12 models (estimate)
10:23:28.796739 [info ]: Cached model count updated: 12 models (accurate)
10:23:28.798370 [info ]: Started scheduling
10:23:28.801872 [info ]: Finished scheduling [  0.00s]
10:23:28.802463 [debug]: Compilation - 12 nodes selected: {"model.finalproject.customer_locations", "model.finalproject.int_order_products", "model.finalproject.product_performance", "model.finalproject.stg_customers", "model.finalproject.stg_geolocation", "model.finalproject.stg_order_items", "model.finalproject.stg_order_payments", "model.finalproject.stg_order_reviews", "model.finalproject.stg_orders", "model.finalproject.stg_product_category_name_translation", "model.finalproject.stg_products", "model.finalproject.stg_sellers"}
10:23:28.878954 [info ]: Started building task graph
10:23:28.886821 [info ]: Finished building task graph [  0.01s]
10:23:28.929832 [info ]: Started rendering (12 nodes)
10:23:28.930632 [info ]: Started model RAW.stg_sellers
10:23:28.931424 [debug]: Started rendering model RAW.stg_sellers
10:23:28.932171 [info ]: Started model RAW.stg_product_category_name_translation
10:23:28.932256 [debug]: Started rendering model RAW.stg_product_category_name_translation
10:23:28.932359 [info ]: Started model RAW.stg_orders
10:23:28.932377 [debug]: Started rendering model RAW.stg_orders
10:23:28.932409 [info ]: Started model RAW.stg_order_reviews
10:23:28.932478 [debug]: Started rendering model RAW.stg_order_reviews
10:23:28.932515 [info ]: Started model RAW.stg_order_payments
10:23:28.932555 [debug]: Started rendering model RAW.stg_order_payments
10:23:28.932642 [info ]: Started model RAW.stg_geolocation
10:23:28.932659 [debug]: Started rendering model RAW.stg_geolocation
10:23:28.932688 [info ]: Started model RAW.stg_products
10:23:28.932704 [debug]: Started rendering model RAW.stg_products
10:23:28.932730 [info ]: Started model RAW.stg_order_items
10:23:28.932753 [debug]: Started rendering model RAW.stg_order_items
10:23:28.932774 [info ]: Started model RAW.stg_customers
10:23:28.932791 [debug]: Started rendering model RAW.stg_customers
10:23:28.946815 [debug]: Compiled SQL for node model.finalproject.stg_order_reviews at target/.lsp/compiled/finalproject/models/staging/stg_order_reviews.sql
10:23:28.946835 [debug]: Compiled SQL for node model.finalproject.stg_sellers at target/.lsp/compiled/finalproject/models/staging/stg_sellers.sql
10:23:28.946825 [debug]: Compiled SQL for node model.finalproject.stg_product_category_name_translation at target/.lsp/compiled/finalproject/models/staging/stg_product_category_name_translation.sql
10:23:28.946946 [debug]: Compiled SQL for node model.finalproject.stg_geolocation at target/.lsp/compiled/finalproject/models/staging/stg_geolocation.sql
10:23:28.947325 [debug]: Compiled SQL for node model.finalproject.stg_orders at target/.lsp/compiled/finalproject/models/staging/stg_orders.sql
10:23:28.947816 [debug]: Compiled SQL for node model.finalproject.stg_order_payments at target/.lsp/compiled/finalproject/models/staging/stg_order_payments.sql
10:23:28.948725 [debug]: Compiled SQL for node model.finalproject.stg_customers at target/.lsp/compiled/finalproject/models/staging/stg_customers.sql
10:23:28.948725 [debug]: Compiled SQL for node model.finalproject.stg_order_items at target/.lsp/compiled/finalproject/models/staging/stg_order_items.sql
10:23:28.948788 [debug]: Compiled SQL for node model.finalproject.stg_products at target/.lsp/compiled/finalproject/models/staging/stg_products.sql
10:23:28.951603 [debug]: Finished rendering [  0.02s] model RAW.stg_order_items [success]
10:23:28.952943 [info ]: Started analyzing (12 nodes)
10:23:28.953199 [debug]: Started analyzing model RAW.stg_order_items
10:23:28.953668 [debug]: Finished rendering [  0.02s] model RAW.stg_product_category_name_translation [success]
10:23:28.953745 [debug]: Started analyzing model RAW.stg_product_category_name_translation
10:23:28.953907 [debug]: Finished rendering [  0.02s] model RAW.stg_customers [success]
10:23:28.954000 [debug]: Started analyzing model RAW.stg_customers
10:23:28.954120 [debug]: Finished rendering [  0.02s] model RAW.stg_orders [success]
10:23:28.954213 [debug]: Started analyzing model RAW.stg_orders
10:23:28.954311 [debug]: Finished rendering [  0.02s] model RAW.stg_products [success]
10:23:28.954388 [debug]: Started analyzing model RAW.stg_products
10:23:28.954422 [debug]: Finished rendering [  0.02s] model RAW.stg_order_reviews [success]
10:23:28.954510 [debug]: Started analyzing model RAW.stg_order_reviews
10:23:28.954550 [debug]: Finished rendering [  0.02s] model RAW.stg_sellers [success]
10:23:28.954619 [debug]: Started analyzing model RAW.stg_sellers
10:23:28.954658 [debug]: Finished rendering [  0.02s] model RAW.stg_geolocation [success]
10:23:28.954679 [debug]: Started analyzing model RAW.stg_geolocation
10:23:28.954753 [debug]: Finished rendering [  0.02s] model RAW.stg_order_payments [success]
10:23:28.954788 [debug]: Started analyzing model RAW.stg_order_payments
10:23:29.027644 [debug]: Finished analyzing [  0.07s] model RAW.stg_geolocation [success]
10:23:29.027774 [info ]:  Succeeded model RAW.stg_geolocation (view) [6 of 12 in 0.09s]
10:23:29.028148 [debug]: Finished analyzing [  0.07s] model RAW.stg_product_category_name_translation [success]
10:23:29.028214 [info ]:  Succeeded model RAW.stg_product_category_name_translation (view) [2 of 12 in 0.10s]
10:23:29.028253 [debug]: Finished analyzing [  0.07s] model RAW.stg_products [success]
10:23:29.028272 [info ]:  Succeeded model RAW.stg_products (view) [7 of 12 in 0.09s]
10:23:29.028331 [debug]: Finished analyzing [  0.08s] model RAW.stg_order_items [success]
10:23:29.028397 [info ]:  Succeeded model RAW.stg_order_items (view) [8 of 12 in 0.09s]
10:23:29.028449 [info ]: Started model RAW.int_order_products
10:23:29.028516 [debug]: Started rendering model RAW.int_order_products
10:23:29.028631 [debug]: Finished analyzing [  0.07s] model RAW.stg_sellers [success]
10:23:29.028708 [info ]:  Succeeded model RAW.stg_sellers (view) [1 of 12 in 0.10s]
10:23:29.028764 [debug]: Finished analyzing [  0.07s] model RAW.stg_customers [success]
10:23:29.028909 [info ]:  Succeeded model RAW.stg_customers (view) [9 of 12 in 0.10s]
10:23:29.028999 [info ]: Started model RAW.customer_locations
10:23:29.029080 [debug]: Started rendering model RAW.customer_locations
10:23:29.029202 [debug]: Finished analyzing [  0.07s] model RAW.stg_orders [success]
10:23:29.029315 [info ]:  Succeeded model RAW.stg_orders (view) [3 of 12 in 0.10s]
10:23:29.029374 [debug]: Finished analyzing [  0.07s] model RAW.stg_order_reviews [success]
10:23:29.029390 [info ]:  Succeeded model RAW.stg_order_reviews (view) [4 of 12 in 0.10s]
10:23:29.029668 [debug]: Compiled SQL for node model.finalproject.int_order_products at target/.lsp/compiled/finalproject/models/intermediate/int_order_products.sql
10:23:29.029825 [debug]: Compiled SQL for node model.finalproject.customer_locations at target/.lsp/compiled/finalproject/models/marts/customer_locations.sql
10:23:29.029891 [debug]: Finished analyzing [  0.08s] model RAW.stg_order_payments [success]
10:23:29.030002 [info ]:  Succeeded model RAW.stg_order_payments (view) [5 of 12 in 0.10s]
10:23:29.030095 [debug]: Finished rendering [  0.00s] model RAW.int_order_products [success]
10:23:29.030199 [debug]: Started analyzing model RAW.int_order_products
10:23:29.030262 [debug]: Finished rendering [  0.00s] model RAW.customer_locations [success]
10:23:29.030295 [debug]: Started analyzing model RAW.customer_locations
10:23:29.045941 [debug]: Finished analyzing [  0.02s] model RAW.int_order_products [success]
10:23:29.046033 [info ]:  Succeeded model RAW.int_order_products (view) [10 of 12 in 0.02s]
10:23:29.046151 [info ]: Started model RAW.product_performance
10:23:29.046170 [debug]: Started rendering model RAW.product_performance
10:23:29.047475 [debug]: Compiled SQL for node model.finalproject.product_performance at target/.lsp/compiled/finalproject/models/marts/product_performance.sql
10:23:29.047939 [debug]: Finished rendering [  0.00s] model RAW.product_performance [success]
10:23:29.048049 [info ]: Finished rendering [  0.12s] (12 nodes, 0 skipped, 0 errors)
10:23:29.048100 [debug]: Started analyzing model RAW.product_performance
10:23:29.060186 [debug]: Finished analyzing [  0.03s] model RAW.customer_locations [success]
10:23:29.060298 [info ]:  Succeeded model RAW.customer_locations (table) [11 of 12 in 0.03s]
10:23:29.060473 [debug]: Finished analyzing [  0.01s] model RAW.product_performance [success]
10:23:29.060562 [info ]: Finished analyzing [  0.11s] (12 nodes, 0 skipped, 0 errors)
10:23:29.060637 [info ]:  Succeeded model RAW.product_performance (table) [12 of 12 in 0.01s]
10:23:29.102665 [info ]: Started scheduling
10:23:29.103123 [info ]: Finished scheduling [  0.00s]
10:23:29.103659 [info ]: 
==================== Execution Summary =====================
Finished 'compile' successfully for target 'dev' [407ms]
Processed: 12 models
Summary: 12 total | 12 success
10:23:29.105844 [info ]: Cached model count updated: 12 models (accurate)
==================== 2026-10-06T10:23:39.028558Z | bd62f44c-f951-4c5c-b824-259dffbe56fa ====================
10:23:39.028915 [info ]: Started loading project
10:23:39.030018 [info ]: Loading ~/.dbt/profiles.yml
10:23:39.036385 [info ]: Finished loading project [  0.01s]
10:23:39.159488 [info ]: 
==================== Execution Summary =====================
Finished 'compile' successfully for target 'dev' [130ms]
10:23:39.159746 [info ]: Cached model count updated: 12 models (accurate)
==================== 2026-10-06T10:23:40.463699Z | 4ef559df-8fe8-4413-8dda-1addeb1d6fbc ====================
10:23:40.463903 [info ]: Started loading project
10:23:40.464473 [info ]: Loading ~/.dbt/profiles.yml
10:23:40.475101 [info ]: Finished loading project [  0.01s]
10:23:40.540197 [info ]: Cached model count updated: 12 models (estimate)
10:23:40.540603 [info ]: Cached model count updated: 12 models (accurate)
10:23:40.541036 [info ]: Started scheduling
10:23:40.541941 [info ]: Finished scheduling [  0.00s]
10:23:40.542164 [debug]: Compilation - 12 nodes selected: {"model.finalproject.customer_locations", "model.finalproject.int_order_products", "model.finalproject.product_performance", "model.finalproject.stg_customers", "model.finalproject.stg_geolocation", "model.finalproject.stg_order_items", "model.finalproject.stg_order_payments", "model.finalproject.stg_order_reviews", "model.finalproject.stg_orders", "model.finalproject.stg_product_category_name_translation", "model.finalproject.stg_products", "model.finalproject.stg_sellers"}
10:23:40.548421 [info ]: Started building task graph
10:23:40.548904 [info ]: Finished building task graph [  0.00s]
10:23:40.554660 [info ]: Started rendering (12 nodes)
10:23:40.554821 [info ]: Started model RAW.stg_sellers
10:23:40.554848 [debug]: Started rendering model RAW.stg_sellers
10:23:40.554978 [info ]: Started model RAW.stg_product_category_name_translation
10:23:40.554997 [debug]: Started rendering model RAW.stg_product_category_name_translation
10:23:40.555022 [info ]: Started model RAW.stg_orders
10:23:40.555033 [debug]: Started rendering model RAW.stg_orders
10:23:40.555052 [info ]: Started model RAW.stg_order_reviews
10:23:40.555063 [debug]: Started rendering model RAW.stg_order_reviews
10:23:40.555083 [info ]: Started model RAW.stg_order_payments
10:23:40.555091 [debug]: Started rendering model RAW.stg_order_payments
10:23:40.555109 [info ]: Started model RAW.stg_geolocation
10:23:40.555116 [debug]: Started rendering model RAW.stg_geolocation
10:23:40.555136 [info ]: Started model RAW.stg_products
10:23:40.555146 [debug]: Started rendering model RAW.stg_products
10:23:40.555165 [info ]: Started model RAW.stg_order_items
10:23:40.555175 [debug]: Started rendering model RAW.stg_order_items
10:23:40.555198 [info ]: Started model RAW.stg_customers
10:23:40.555208 [debug]: Started rendering model RAW.stg_customers
10:23:40.556386 [debug]: Compiled SQL for node model.finalproject.stg_product_category_name_translation at target/.lsp/compiled/finalproject/models/staging/stg_product_category_name_translation.sql
10:23:40.556692 [debug]: Compiled SQL for node model.finalproject.stg_sellers at target/.lsp/compiled/finalproject/models/staging/stg_sellers.sql
10:23:40.557054 [debug]: Compiled SQL for node model.finalproject.stg_order_items at target/.lsp/compiled/finalproject/models/staging/stg_order_items.sql
10:23:40.558097 [debug]: Finished rendering [  0.00s] model RAW.stg_product_category_name_translation [success]
10:23:40.558189 [info ]: Started analyzing (12 nodes)
10:23:40.558211 [debug]: Started analyzing model RAW.stg_product_category_name_translation
10:23:40.558285 [debug]: Compiled SQL for node model.finalproject.stg_orders at target/.lsp/compiled/finalproject/models/staging/stg_orders.sql
10:23:40.558480 [debug]: Compiled SQL for node model.finalproject.stg_order_reviews at target/.lsp/compiled/finalproject/models/staging/stg_order_reviews.sql
10:23:40.558941 [debug]: Finished rendering [  0.00s] model RAW.stg_orders [success]
10:23:40.559028 [debug]: Started analyzing model RAW.stg_orders
10:23:40.559333 [debug]: Compiled SQL for node model.finalproject.stg_customers at target/.lsp/compiled/finalproject/models/staging/stg_customers.sql
10:23:40.560004 [debug]: Finished rendering [  0.00s] model RAW.stg_order_reviews [success]
10:23:40.560411 [debug]: Started analyzing model RAW.stg_order_reviews
10:23:40.560645 [debug]: Compiled SQL for node model.finalproject.stg_products at target/.lsp/compiled/finalproject/models/staging/stg_products.sql
10:23:40.560998 [debug]: Started analyzing model RAW.stg_products
10:23:40.561186 [debug]: Started analyzing model RAW.stg_customers
10:23:40.561358 [debug]: Finished rendering [  0.01s] model RAW.stg_sellers [success]
10:23:40.561486 [debug]: Started analyzing model RAW.stg_sellers
10:23:40.562873 [debug]: Compiled SQL for node model.finalproject.stg_geolocation at target/.lsp/compiled/finalproject/models/staging/stg_geolocation.sql
10:23:40.563341 [debug]: Compiled SQL for node model.finalproject.stg_order_payments at target/.lsp/compiled/finalproject/models/staging/stg_order_payments.sql
10:23:40.563726 [debug]: Finished rendering [  0.01s] model RAW.stg_products [success]
10:23:40.563987 [debug]: Finished rendering [  0.01s] model RAW.stg_order_items [success]
10:23:40.564156 [debug]: Started analyzing model RAW.stg_order_items
10:23:40.564289 [debug]: Finished analyzing [  0.01s] model RAW.stg_product_category_name_translation [success]
10:23:40.564385 [info ]:  Succeeded model RAW.stg_product_category_name_translation (view) [2 of 12 in 0.01s]
10:23:40.564884 [debug]: Finished rendering [  0.01s] model RAW.stg_geolocation [success]
10:23:40.565022 [debug]: Started analyzing model RAW.stg_geolocation
10:23:40.565166 [debug]: Finished analyzing [  0.00s] model RAW.stg_products [success]
10:23:40.565348 [info ]:  Succeeded model RAW.stg_products (view) [7 of 12 in 0.01s]
10:23:40.566430 [debug]: Finished analyzing [  0.01s] model RAW.stg_orders [success]
10:23:40.566577 [info ]:  Succeeded model RAW.stg_orders (view) [3 of 12 in 0.01s]
10:23:40.567086 [debug]: Finished analyzing [  0.01s] model RAW.stg_customers [success]
10:23:40.567150 [info ]:  Succeeded model RAW.stg_customers (view) [9 of 12 in 0.01s]
10:23:40.567291 [info ]: Started model RAW.customer_locations
10:23:40.567327 [debug]: Started rendering model RAW.customer_locations
10:23:40.567495 [debug]: Finished analyzing [  0.00s] model RAW.stg_order_items [success]
10:23:40.567530 [info ]:  Succeeded model RAW.stg_order_items (view) [8 of 12 in 0.01s]
10:23:40.567591 [info ]: Started model RAW.int_order_products
10:23:40.567613 [debug]: Started rendering model RAW.int_order_products
10:23:40.568026 [debug]: Compiled SQL for node model.finalproject.customer_locations at target/.lsp/compiled/finalproject/models/marts/customer_locations.sql
10:23:40.568069 [debug]: Compiled SQL for node model.finalproject.int_order_products at target/.lsp/compiled/finalproject/models/intermediate/int_order_products.sql
10:23:40.563827 [debug]: Finished rendering [  0.01s] model RAW.stg_customers [success]
10:23:40.568613 [debug]: Finished rendering [  0.00s] model RAW.int_order_products [success]
10:23:40.568694 [debug]: Started analyzing model RAW.int_order_products
10:23:40.568826 [debug]: Finished rendering [  0.00s] model RAW.customer_locations [success]
10:23:40.568861 [debug]: Started analyzing model RAW.customer_locations
10:23:40.568897 [debug]: Finished rendering [  0.01s] model RAW.stg_order_payments [success]
10:23:40.568924 [debug]: Started analyzing model RAW.stg_order_payments
10:23:40.571389 [debug]: Finished analyzing [  0.01s] model RAW.stg_geolocation [success]
10:23:40.571532 [info ]:  Succeeded model RAW.stg_geolocation (view) [6 of 12 in 0.01s]
10:23:40.571636 [debug]: Finished analyzing [  0.01s] model RAW.stg_sellers [success]
10:23:40.571658 [info ]:  Succeeded model RAW.stg_sellers (view) [1 of 12 in 0.02s]
10:23:40.574099 [debug]: Finished analyzing [  0.01s] model RAW.stg_order_reviews [success]
10:23:40.574271 [info ]:  Succeeded model RAW.stg_order_reviews (view) [4 of 12 in 0.02s]
10:23:40.576453 [debug]: Finished analyzing [  0.01s] model RAW.stg_order_payments [success]
10:23:40.576743 [info ]:  Succeeded model RAW.stg_order_payments (view) [5 of 12 in 0.02s]
10:23:40.583005 [debug]: Finished analyzing [  0.01s] model RAW.customer_locations [success]
10:23:40.583176 [info ]:  Succeeded model RAW.customer_locations (table) [10 of 12 in 0.01s]
10:23:40.583269 [debug]: Finished analyzing [  0.01s] model RAW.int_order_products [success]
10:23:40.583291 [info ]:  Succeeded model RAW.int_order_products (view) [11 of 12 in 0.01s]
10:23:40.583434 [info ]: Started model RAW.product_performance
10:23:40.583538 [debug]: Started rendering model RAW.product_performance
10:23:40.584394 [debug]: Compiled SQL for node model.finalproject.product_performance at target/.lsp/compiled/finalproject/models/marts/product_performance.sql
10:23:40.584921 [debug]: Finished rendering [  0.00s] model RAW.product_performance [success]
10:23:40.585043 [info ]: Finished rendering [  0.03s] (12 nodes, 0 skipped, 0 errors)
10:23:40.585157 [debug]: Started analyzing model RAW.product_performance
10:23:40.588614 [debug]: Finished analyzing [  0.00s] model RAW.product_performance [success]
10:23:40.588769 [info ]: Finished analyzing [  0.03s] (12 nodes, 0 skipped, 0 errors)
10:23:40.588797 [info ]:  Succeeded model RAW.product_performance (table) [12 of 12 in 0.00s]
10:23:40.608457 [info ]: Started scheduling
10:23:40.608719 [info ]: Finished scheduling [  0.00s]
10:23:40.608882 [info ]: 
==================== Execution Summary =====================
Finished 'compile' successfully for target 'dev' [145ms]
Processed: 12 models
Summary: 12 total | 12 success
10:23:40.609685 [info ]: Cached model count updated: 12 models (accurate)
==================== 2026-10-06T10:23:48.567874Z | e7eb4ce4-a086-44ea-bd98-d01d80eba584 ====================
10:23:48.569605 [info ]: Started loading project
10:23:48.573527 [info ]: Loading ~/.dbt/profiles.yml
10:23:48.596606 [info ]: Finished loading project [  0.03s]
10:23:48.773597 [info ]: 
==================== Execution Summary =====================
Finished 'compile' successfully for target 'dev' [205ms]
10:23:48.773872 [info ]: Cached model count updated: 12 models (accurate)
==================== 2026-10-06T10:23:50.079893Z | 94c568e3-bb7e-4d10-a53a-fbddf264706c ====================
10:23:50.080185 [info ]: Started loading project
10:23:50.080795 [info ]: Loading ~/.dbt/profiles.yml
10:23:50.090714 [info ]: Finished loading project [  0.01s]
10:23:50.220690 [info ]: Cached model count updated: 12 models (estimate)
10:23:50.220840 [info ]: Cached model count updated: 12 models (accurate)
10:23:50.221019 [info ]: Started scheduling
10:23:50.221553 [info ]: Finished scheduling [  0.00s]
10:23:50.221702 [debug]: Compilation - 12 nodes selected: {"model.finalproject.customer_locations", "model.finalproject.int_order_products", "model.finalproject.product_performance", "model.finalproject.stg_customers", "model.finalproject.stg_geolocation", "model.finalproject.stg_order_items", "model.finalproject.stg_order_payments", "model.finalproject.stg_order_reviews", "model.finalproject.stg_orders", "model.finalproject.stg_product_category_name_translation", "model.finalproject.stg_products", "model.finalproject.stg_sellers"}
10:23:50.238702 [info ]: Started building task graph
10:23:50.239230 [info ]: Finished building task graph [  0.00s]
10:23:50.242847 [info ]: Started rendering (12 nodes)
10:23:50.242998 [info ]: Started model RAW.stg_sellers
10:23:50.243025 [debug]: Started rendering model RAW.stg_sellers
10:23:50.243152 [info ]: Started model RAW.stg_product_category_name_translation
10:23:50.243172 [debug]: Started rendering model RAW.stg_product_category_name_translation
10:23:50.243207 [info ]: Started model RAW.stg_orders
10:23:50.243228 [debug]: Started rendering model RAW.stg_orders
10:23:50.243251 [info ]: Started model RAW.stg_order_reviews
10:23:50.243315 [debug]: Started rendering model RAW.stg_order_reviews
10:23:50.243349 [info ]: Started model RAW.stg_order_payments
10:23:50.243361 [debug]: Started rendering model RAW.stg_order_payments
10:23:50.243392 [info ]: Started model RAW.stg_geolocation
10:23:50.243467 [debug]: Started rendering model RAW.stg_geolocation
10:23:50.243500 [info ]: Started model RAW.stg_products
10:23:50.243511 [debug]: Started rendering model RAW.stg_products
10:23:50.243581 [info ]: Started model RAW.stg_order_items
10:23:50.243604 [debug]: Started rendering model RAW.stg_order_items
10:23:50.243658 [info ]: Started model RAW.stg_customers
10:23:50.243677 [debug]: Started rendering model RAW.stg_customers
10:23:50.243799 [debug]: Compiled SQL for node model.finalproject.stg_sellers at target/.lsp/compiled/finalproject/models/staging/stg_sellers.sql
10:23:50.243885 [debug]: Compiled SQL for node model.finalproject.stg_product_category_name_translation at target/.lsp/compiled/finalproject/models/staging/stg_product_category_name_translation.sql
10:23:50.243959 [debug]: Compiled SQL for node model.finalproject.stg_geolocation at target/.lsp/compiled/finalproject/models/staging/stg_geolocation.sql
10:23:50.243945 [debug]: Finished rendering [  0.00s] model RAW.stg_sellers [success]
10:23:50.244094 [debug]: Compiled SQL for node model.finalproject.stg_order_items at target/.lsp/compiled/finalproject/models/staging/stg_order_items.sql
10:23:50.244266 [debug]: Compiled SQL for node model.finalproject.stg_order_reviews at target/.lsp/compiled/finalproject/models/staging/stg_order_reviews.sql
10:23:50.244410 [debug]: Compiled SQL for node model.finalproject.stg_orders at target/.lsp/compiled/finalproject/models/staging/stg_orders.sql
10:23:50.245718 [debug]: Compiled SQL for node model.finalproject.stg_customers at target/.lsp/compiled/finalproject/models/staging/stg_customers.sql
10:23:50.247610 [debug]: Compiled SQL for node model.finalproject.stg_order_payments at target/.lsp/compiled/finalproject/models/staging/stg_order_payments.sql
10:23:50.262664 [debug]: Compiled SQL for node model.finalproject.stg_products at target/.lsp/compiled/finalproject/models/staging/stg_products.sql
10:23:50.262744 [info ]: Started analyzing (12 nodes)
10:23:50.262786 [debug]: Started analyzing model RAW.stg_sellers
10:23:50.262871 [debug]: Finished rendering [  0.02s] model RAW.stg_product_category_name_translation [success]
10:23:50.262909 [debug]: Started analyzing model RAW.stg_product_category_name_translation
10:23:50.262952 [debug]: Finished rendering [  0.02s] model RAW.stg_geolocation [success]
10:23:50.262978 [debug]: Started analyzing model RAW.stg_geolocation
10:23:50.263028 [debug]: Finished rendering [  0.02s] model RAW.stg_order_reviews [success]
10:23:50.263137 [debug]: Started analyzing model RAW.stg_order_reviews
10:23:50.263236 [debug]: Finished rendering [  0.02s] model RAW.stg_orders [success]
10:23:50.263268 [debug]: Started analyzing model RAW.stg_orders
10:23:50.263410 [debug]: Finished rendering [  0.02s] model RAW.stg_customers [success]
10:23:50.263444 [debug]: Started analyzing model RAW.stg_customers
10:23:50.263534 [debug]: Finished rendering [  0.02s] model RAW.stg_order_payments [success]
10:23:50.263559 [debug]: Started analyzing model RAW.stg_order_payments
10:23:50.263594 [debug]: Finished rendering [  0.02s] model RAW.stg_order_items [success]
10:23:50.263608 [debug]: Started analyzing model RAW.stg_order_items
10:23:50.263630 [debug]: Finished rendering [  0.02s] model RAW.stg_products [success]
10:23:50.263646 [debug]: Started analyzing model RAW.stg_products
10:23:50.264636 [debug]: Finished analyzing [  0.00s] model RAW.stg_order_payments [success]
10:23:50.268974 [info ]:  Succeeded model RAW.stg_order_payments (view) [5 of 12 in 0.02s]
10:23:50.269209 [debug]: Finished analyzing [  0.01s] model RAW.stg_product_category_name_translation [success]
10:23:50.269327 [info ]:  Succeeded model RAW.stg_product_category_name_translation (view) [2 of 12 in 0.03s]
10:23:50.269438 [debug]: Finished analyzing [  0.01s] model RAW.stg_order_reviews [success]
10:23:50.269460 [info ]:  Succeeded model RAW.stg_order_reviews (view) [4 of 12 in 0.03s]
10:23:50.269494 [debug]: Finished analyzing [  0.01s] model RAW.stg_sellers [success]
10:23:50.269508 [info ]:  Succeeded model RAW.stg_sellers (view) [1 of 12 in 0.01s]
10:23:50.269531 [debug]: Finished analyzing [  0.01s] model RAW.stg_geolocation [success]
10:23:50.269553 [info ]:  Succeeded model RAW.stg_geolocation (view) [6 of 12 in 0.03s]
10:23:50.269647 [debug]: Finished analyzing [  0.01s] model RAW.stg_customers [success]
10:23:50.269745 [info ]:  Succeeded model RAW.stg_customers (view) [9 of 12 in 0.03s]
10:23:50.269902 [info ]: Started model RAW.customer_locations
10:23:50.269995 [debug]: Started rendering model RAW.customer_locations
10:23:50.270307 [debug]: Finished analyzing [  0.01s] model RAW.stg_orders [success]
10:23:50.270409 [info ]:  Succeeded model RAW.stg_orders (view) [3 of 12 in 0.03s]
10:23:50.270475 [debug]: Finished analyzing [  0.01s] model RAW.stg_products [success]
10:23:50.270499 [info ]:  Succeeded model RAW.stg_products (view) [7 of 12 in 0.03s]
10:23:50.278859 [debug]: Compiled SQL for node model.finalproject.customer_locations at target/.lsp/compiled/finalproject/models/marts/customer_locations.sql
10:23:50.279416 [debug]: Finished rendering [  0.01s] model RAW.customer_locations [success]
10:23:50.279593 [debug]: Started analyzing model RAW.customer_locations
10:23:50.280326 [debug]: Finished analyzing [  0.02s] model RAW.stg_order_items [success]
10:23:50.280570 [info ]:  Succeeded model RAW.stg_order_items (view) [8 of 12 in 0.04s]
10:23:50.280693 [info ]: Started model RAW.int_order_products
10:23:50.280727 [debug]: Started rendering model RAW.int_order_products
10:23:50.281450 [debug]: Compiled SQL for node model.finalproject.int_order_products at target/.lsp/compiled/finalproject/models/intermediate/int_order_products.sql
10:23:50.281941 [debug]: Finished rendering [  0.00s] model RAW.int_order_products [success]
10:23:50.282120 [debug]: Started analyzing model RAW.int_order_products
10:23:50.283548 [debug]: Finished analyzing [  0.00s] model RAW.customer_locations [success]
10:23:50.283749 [info ]:  Succeeded model RAW.customer_locations (table) [10 of 12 in 0.01s]
10:23:50.290766 [debug]: Finished analyzing [  0.01s] model RAW.int_order_products [success]
10:23:50.290915 [info ]:  Succeeded model RAW.int_order_products (view) [11 of 12 in 0.01s]
10:23:50.291000 [info ]: Started model RAW.product_performance
10:23:50.291028 [debug]: Started rendering model RAW.product_performance
10:23:50.291651 [debug]: Compiled SQL for node model.finalproject.product_performance at target/.lsp/compiled/finalproject/models/marts/product_performance.sql
10:23:50.292061 [debug]: Finished rendering [  0.00s] model RAW.product_performance [success]
10:23:50.292205 [info ]: Finished rendering [  0.05s] (12 nodes, 0 skipped, 0 errors)
10:23:50.292276 [debug]: Started analyzing model RAW.product_performance
10:23:50.295557 [debug]: Finished analyzing [  0.00s] model RAW.product_performance [success]
10:23:50.295792 [info ]: Finished analyzing [  0.03s] (12 nodes, 0 skipped, 0 errors)
10:23:50.295826 [info ]:  Succeeded model RAW.product_performance (table) [12 of 12 in 0.00s]
10:23:50.318256 [info ]: Started scheduling
10:23:50.320407 [info ]: Finished scheduling [  0.00s]
10:23:50.321898 [info ]: 
==================== Execution Summary =====================
Finished 'compile' successfully for target 'dev' [242ms]
Processed: 12 models
Summary: 12 total | 12 success
10:23:50.322767 [info ]: Cached model count updated: 12 models (accurate)
==================== 2026-10-06T10:23:59.755681Z | 8fbe95ab-975d-40a0-a3d4-540ade615c64 ====================
10:23:59.755962 [info ]: Started loading project
10:23:59.756652 [info ]: Loading ~/.dbt/profiles.yml
10:23:59.763110 [info ]: Finished loading project [  0.01s]
10:23:59.847465 [info ]: 
==================== Execution Summary =====================
Finished 'compile' successfully for target 'dev' [91ms]
10:23:59.847677 [info ]: Cached model count updated: 12 models (accurate)
==================== 2026-10-06T10:24:01.143895Z | 46124a3a-63cb-4618-9f66-cb4dc85cfc87 ====================
10:24:01.144275 [info ]: Started loading project
10:24:01.144858 [info ]: Loading ~/.dbt/profiles.yml
10:24:01.149967 [info ]: Finished loading project [  0.01s]
10:24:01.195389 [info ]: Cached model count updated: 12 models (estimate)
10:24:01.195491 [info ]: Cached model count updated: 12 models (accurate)
10:24:01.195557 [info ]: Started scheduling
10:24:01.195775 [info ]: Finished scheduling [  0.00s]
10:24:01.195844 [debug]: Compilation - 12 nodes selected: {"model.finalproject.customer_locations", "model.finalproject.int_order_products", "model.finalproject.product_performance", "model.finalproject.stg_customers", "model.finalproject.stg_geolocation", "model.finalproject.stg_order_items", "model.finalproject.stg_order_payments", "model.finalproject.stg_order_reviews", "model.finalproject.stg_orders", "model.finalproject.stg_product_category_name_translation", "model.finalproject.stg_products", "model.finalproject.stg_sellers"}
10:24:01.199354 [info ]: Started building task graph
10:24:01.199616 [info ]: Finished building task graph [  0.00s]
10:24:01.201215 [info ]: Started rendering (12 nodes)
10:24:01.201337 [info ]: Started model RAW.stg_sellers
10:24:01.201366 [debug]: Started rendering model RAW.stg_sellers
10:24:01.201474 [info ]: Started model RAW.stg_product_category_name_translation
10:24:01.201493 [debug]: Started rendering model RAW.stg_product_category_name_translation
10:24:01.201518 [info ]: Started model RAW.stg_orders
10:24:01.201539 [debug]: Started rendering model RAW.stg_orders
10:24:01.201556 [info ]: Started model RAW.stg_order_reviews
10:24:01.201883 [debug]: Started rendering model RAW.stg_order_reviews
10:24:01.201950 [info ]: Started model RAW.stg_order_payments
10:24:01.202365 [debug]: Started rendering model RAW.stg_order_payments
10:24:01.202499 [debug]: Compiled SQL for node model.finalproject.stg_order_reviews at target/.lsp/compiled/finalproject/models/staging/stg_order_reviews.sql
10:24:01.202506 [debug]: Compiled SQL for node model.finalproject.stg_product_category_name_translation at target/.lsp/compiled/finalproject/models/staging/stg_product_category_name_translation.sql
10:24:01.202547 [debug]: Compiled SQL for node model.finalproject.stg_sellers at target/.lsp/compiled/finalproject/models/staging/stg_sellers.sql
10:24:01.202663 [info ]: Started model RAW.stg_geolocation
10:24:01.202684 [debug]: Compiled SQL for node model.finalproject.stg_orders at target/.lsp/compiled/finalproject/models/staging/stg_orders.sql
10:24:01.202986 [debug]: Started rendering model RAW.stg_geolocation
10:24:01.203020 [debug]: Compiled SQL for node model.finalproject.stg_order_payments at target/.lsp/compiled/finalproject/models/staging/stg_order_payments.sql
10:24:01.203238 [info ]: Started model RAW.stg_products
10:24:01.203820 [debug]: Compiled SQL for node model.finalproject.stg_geolocation at target/.lsp/compiled/finalproject/models/staging/stg_geolocation.sql
10:24:01.203961 [debug]: Started rendering model RAW.stg_products
10:24:01.204458 [info ]: Started model RAW.stg_order_items
10:24:01.204656 [debug]: Started rendering model RAW.stg_order_items
10:24:01.204710 [info ]: Started model RAW.stg_customers
10:24:01.204726 [debug]: Started rendering model RAW.stg_customers
10:24:01.204826 [debug]: Finished rendering [  0.00s] model RAW.stg_product_category_name_translation [success]
10:24:01.204888 [debug]: Compiled SQL for node model.finalproject.stg_products at target/.lsp/compiled/finalproject/models/staging/stg_products.sql
10:24:01.205194 [debug]: Compiled SQL for node model.finalproject.stg_order_items at target/.lsp/compiled/finalproject/models/staging/stg_order_items.sql
10:24:01.205194 [debug]: Compiled SQL for node model.finalproject.stg_customers at target/.lsp/compiled/finalproject/models/staging/stg_customers.sql
10:24:01.205537 [info ]: Started analyzing (12 nodes)
10:24:01.205570 [debug]: Started analyzing model RAW.stg_product_category_name_translation
10:24:01.205630 [debug]: Finished rendering [  0.00s] model RAW.stg_sellers [success]
10:24:01.205659 [debug]: Started analyzing model RAW.stg_sellers
10:24:01.207436 [debug]: Finished rendering [  0.01s] model RAW.stg_order_reviews [success]
10:24:01.207708 [debug]: Started analyzing model RAW.stg_order_reviews
10:24:01.208378 [debug]: Finished rendering [  0.01s] model RAW.stg_orders [success]
10:24:01.208831 [debug]: Started analyzing model RAW.stg_orders
10:24:01.209495 [debug]: Finished rendering [  0.01s] model RAW.stg_order_payments [success]
10:24:01.209616 [debug]: Started analyzing model RAW.stg_order_payments
10:24:01.209725 [debug]: Finished rendering [  0.01s] model RAW.stg_geolocation [success]
10:24:01.209800 [debug]: Started analyzing model RAW.stg_geolocation
10:24:01.209834 [debug]: Finished rendering [  0.01s] model RAW.stg_products [success]
10:24:01.209855 [debug]: Started analyzing model RAW.stg_products
10:24:01.209887 [debug]: Finished rendering [  0.01s] model RAW.stg_order_items [success]
10:24:01.209910 [debug]: Started analyzing model RAW.stg_order_items
10:24:01.209932 [debug]: Finished rendering [  0.01s] model RAW.stg_customers [success]
10:24:01.209945 [debug]: Started analyzing model RAW.stg_customers
10:24:01.209978 [debug]: Finished analyzing [  0.00s] model RAW.stg_product_category_name_translation [success]
10:24:01.209994 [info ]:  Succeeded model RAW.stg_product_category_name_translation (view) [2 of 12 in 0.01s]
10:24:01.210031 [debug]: Finished analyzing [  0.00s] model RAW.stg_sellers [success]
10:24:01.210041 [info ]:  Succeeded model RAW.stg_sellers (view) [1 of 12 in 0.01s]
10:24:01.210692 [debug]: Finished analyzing [  0.00s] model RAW.stg_order_reviews [success]
10:24:01.210758 [info ]:  Succeeded model RAW.stg_order_reviews (view) [4 of 12 in 0.01s]
10:24:01.210861 [debug]: Finished analyzing [  0.00s] model RAW.stg_orders [success]
10:24:01.210892 [info ]:  Succeeded model RAW.stg_orders (view) [3 of 12 in 0.01s]
10:24:01.210932 [debug]: Finished analyzing [  0.00s] model RAW.stg_geolocation [success]
10:24:01.210957 [info ]:  Succeeded model RAW.stg_geolocation (view) [6 of 12 in 0.01s]
10:24:01.211015 [debug]: Finished analyzing [  0.00s] model RAW.stg_order_payments [success]
10:24:01.211039 [info ]:  Succeeded model RAW.stg_order_payments (view) [5 of 12 in 0.01s]
10:24:01.211142 [debug]: Finished analyzing [  0.00s] model RAW.stg_products [success]
10:24:01.211230 [info ]:  Succeeded model RAW.stg_products (view) [7 of 12 in 0.01s]
10:24:01.211678 [debug]: Finished analyzing [  0.00s] model RAW.stg_order_items [success]
10:24:01.211795 [info ]:  Succeeded model RAW.stg_order_items (view) [8 of 12 in 0.01s]
10:24:01.211880 [info ]: Started model RAW.int_order_products
10:24:01.211907 [debug]: Started rendering model RAW.int_order_products
10:24:01.212436 [debug]: Compiled SQL for node model.finalproject.int_order_products at target/.lsp/compiled/finalproject/models/intermediate/int_order_products.sql
10:24:01.212450 [debug]: Finished analyzing [  0.00s] model RAW.stg_customers [success]
10:24:01.212631 [info ]:  Succeeded model RAW.stg_customers (view) [9 of 12 in 0.01s]
10:24:01.212701 [info ]: Started model RAW.customer_locations
10:24:01.212724 [debug]: Started rendering model RAW.customer_locations
10:24:01.212824 [debug]: Finished rendering [  0.00s] model RAW.int_order_products [success]
10:24:01.212909 [debug]: Started analyzing model RAW.int_order_products
10:24:01.213345 [debug]: Compiled SQL for node model.finalproject.customer_locations at target/.lsp/compiled/finalproject/models/marts/customer_locations.sql
10:24:01.213720 [debug]: Finished rendering [  0.00s] model RAW.customer_locations [success]
10:24:01.213830 [debug]: Started analyzing model RAW.customer_locations
10:24:01.215645 [debug]: Finished analyzing [  0.00s] model RAW.customer_locations [success]
10:24:01.215757 [info ]:  Succeeded model RAW.customer_locations (table) [11 of 12 in 0.00s]
10:24:01.217194 [debug]: Finished analyzing [  0.00s] model RAW.int_order_products [success]
10:24:01.217383 [info ]:  Succeeded model RAW.int_order_products (view) [10 of 12 in 0.00s]
10:24:01.217444 [info ]: Started model RAW.product_performance
10:24:01.217459 [debug]: Started rendering model RAW.product_performance
10:24:01.217894 [debug]: Compiled SQL for node model.finalproject.product_performance at target/.lsp/compiled/finalproject/models/marts/product_performance.sql
10:24:01.218163 [debug]: Finished rendering [  0.00s] model RAW.product_performance [success]
10:24:01.218249 [info ]: Finished rendering [  0.02s] (12 nodes, 0 skipped, 0 errors)
10:24:01.218286 [debug]: Started analyzing model RAW.product_performance
10:24:01.220202 [debug]: Finished analyzing [  0.00s] model RAW.product_performance [success]
10:24:01.220348 [info ]: Finished analyzing [  0.01s] (12 nodes, 0 skipped, 0 errors)
10:24:01.220379 [info ]:  Succeeded model RAW.product_performance (table) [12 of 12 in 0.00s]
10:24:01.231233 [info ]: Started scheduling
10:24:01.231420 [info ]: Finished scheduling [  0.00s]
10:24:01.231517 [info ]: 
==================== Execution Summary =====================
Finished 'compile' successfully for target 'dev' [87ms]
Processed: 12 models
Summary: 12 total | 12 success
10:24:01.231951 [info ]: Cached model count updated: 12 models (accurate)
==================== 2026-10-06T10:24:02.015408Z | 6e539b14-23c0-40f7-ae07-b99f8338cf0e ====================
10:24:02.015769 [info ]: Started loading project
10:24:02.016648 [info ]: Loading ~/.dbt/profiles.yml
10:24:02.030972 [info ]: Finished loading project [  0.02s]
10:24:02.132961 [info ]: 
==================== Execution Summary =====================
Finished 'compile' successfully for target 'dev' [117ms]
10:24:02.133234 [info ]: Cached model count updated: 12 models (accurate)
==================== 2026-10-06T10:24:03.437089Z | 26ff2321-f560-4051-a0ed-8247000f22ee ====================
10:24:03.437460 [info ]: Started loading project
10:24:03.437977 [info ]: Loading ~/.dbt/profiles.yml
10:24:03.443687 [info ]: Finished loading project [  0.01s]
10:24:03.481842 [info ]: Cached model count updated: 12 models (estimate)
10:24:03.481935 [info ]: Cached model count updated: 12 models (accurate)
10:24:03.482022 [info ]: Started scheduling
10:24:03.482300 [info ]: Finished scheduling [  0.00s]
10:24:03.482391 [debug]: Compilation - 12 nodes selected: {"model.finalproject.customer_locations", "model.finalproject.int_order_products", "model.finalproject.product_performance", "model.finalproject.stg_customers", "model.finalproject.stg_geolocation", "model.finalproject.stg_order_items", "model.finalproject.stg_order_payments", "model.finalproject.stg_order_reviews", "model.finalproject.stg_orders", "model.finalproject.stg_product_category_name_translation", "model.finalproject.stg_products", "model.finalproject.stg_sellers"}
10:24:03.485469 [info ]: Started building task graph
10:24:03.485766 [info ]: Finished building task graph [  0.00s]
10:24:03.487648 [info ]: Started rendering (12 nodes)
10:24:03.487746 [info ]: Started model RAW.stg_sellers
10:24:03.487766 [debug]: Started rendering model RAW.stg_sellers
10:24:03.487861 [info ]: Started model RAW.stg_product_category_name_translation
10:24:03.487889 [debug]: Started rendering model RAW.stg_product_category_name_translation
10:24:03.487967 [info ]: Started model RAW.stg_orders
10:24:03.487981 [debug]: Started rendering model RAW.stg_orders
10:24:03.488002 [info ]: Started model RAW.stg_order_reviews
10:24:03.488012 [debug]: Started rendering model RAW.stg_order_reviews
10:24:03.488031 [info ]: Started model RAW.stg_order_payments
10:24:03.488046 [debug]: Started rendering model RAW.stg_order_payments
10:24:03.488073 [info ]: Started model RAW.stg_geolocation
10:24:03.488083 [debug]: Started rendering model RAW.stg_geolocation
10:24:03.488101 [info ]: Started model RAW.stg_products
10:24:03.488122 [debug]: Started rendering model RAW.stg_products
10:24:03.488138 [info ]: Started model RAW.stg_order_items
10:24:03.488148 [debug]: Started rendering model RAW.stg_order_items
10:24:03.488170 [info ]: Started model RAW.stg_customers
10:24:03.488180 [debug]: Started rendering model RAW.stg_customers
10:24:03.489053 [debug]: Compiled SQL for node model.finalproject.stg_sellers at target/.lsp/compiled/finalproject/models/staging/stg_sellers.sql
10:24:03.489545 [debug]: Finished rendering [  0.00s] model RAW.stg_sellers [success]
10:24:03.489691 [info ]: Started analyzing (12 nodes)
10:24:03.489719 [debug]: Started analyzing model RAW.stg_sellers
10:24:03.490711 [debug]: Compiled SQL for node model.finalproject.stg_product_category_name_translation at target/.lsp/compiled/finalproject/models/staging/stg_product_category_name_translation.sql
10:24:03.490699 [debug]: Compiled SQL for node model.finalproject.stg_products at target/.lsp/compiled/finalproject/models/staging/stg_products.sql
10:24:03.491138 [debug]: Finished rendering [  0.00s] model RAW.stg_product_category_name_translation [success]
10:24:03.491217 [debug]: Started analyzing model RAW.stg_product_category_name_translation
10:24:03.491261 [debug]: Finished rendering [  0.00s] model RAW.stg_products [success]
10:24:03.491278 [debug]: Started analyzing model RAW.stg_products
10:24:03.491341 [debug]: Compiled SQL for node model.finalproject.stg_order_items at target/.lsp/compiled/finalproject/models/staging/stg_order_items.sql
10:24:03.491434 [debug]: Finished analyzing [  0.00s] model RAW.stg_sellers [success]
10:24:03.491471 [info ]:  Succeeded model RAW.stg_sellers (view) [1 of 12 in 0.00s]
10:24:03.492020 [debug]: Compiled SQL for node model.finalproject.stg_geolocation at target/.lsp/compiled/finalproject/models/staging/stg_geolocation.sql
10:24:03.492018 [debug]: Finished rendering [  0.00s] model RAW.stg_order_items [success]
10:24:03.492272 [debug]: Compiled SQL for node model.finalproject.stg_order_payments at target/.lsp/compiled/finalproject/models/staging/stg_order_payments.sql
10:24:03.492546 [debug]: Compiled SQL for node model.finalproject.stg_customers at target/.lsp/compiled/finalproject/models/staging/stg_customers.sql
10:24:03.492786 [debug]: Compiled SQL for node model.finalproject.stg_order_reviews at target/.lsp/compiled/finalproject/models/staging/stg_order_reviews.sql
10:24:03.492798 [debug]: Compiled SQL for node model.finalproject.stg_orders at target/.lsp/compiled/finalproject/models/staging/stg_orders.sql
10:24:03.492896 [debug]: Started analyzing model RAW.stg_order_items
10:24:03.493033 [debug]: Finished rendering [  0.00s] model RAW.stg_geolocation [success]
10:24:03.493080 [debug]: Started analyzing model RAW.stg_geolocation
10:24:03.493139 [debug]: Finished rendering [  0.01s] model RAW.stg_order_payments [success]
10:24:03.493223 [debug]: Started analyzing model RAW.stg_order_payments
10:24:03.493310 [debug]: Finished analyzing [  0.00s] model RAW.stg_products [success]
10:24:03.493334 [info ]:  Succeeded model RAW.stg_products (view) [7 of 12 in 0.01s]
10:24:03.493375 [debug]: Finished rendering [  0.01s] model RAW.stg_order_reviews [success]
10:24:03.493395 [debug]: Started analyzing model RAW.stg_order_reviews
10:24:03.493423 [debug]: Finished rendering [  0.01s] model RAW.stg_orders [success]
10:24:03.493435 [debug]: Started analyzing model RAW.stg_orders
10:24:03.493454 [debug]: Finished rendering [  0.01s] model RAW.stg_customers [success]
10:24:03.493465 [debug]: Started analyzing model RAW.stg_customers
10:24:03.493995 [debug]: Finished analyzing [  0.00s] model RAW.stg_product_category_name_translation [success]
10:24:03.494038 [info ]:  Succeeded model RAW.stg_product_category_name_translation (view) [2 of 12 in 0.01s]
10:24:03.494433 [debug]: Finished analyzing [  0.00s] model RAW.stg_geolocation [success]
10:24:03.494484 [info ]:  Succeeded model RAW.stg_geolocation (view) [6 of 12 in 0.01s]
10:24:03.494545 [debug]: Finished analyzing [  0.00s] model RAW.stg_order_items [success]
10:24:03.494565 [info ]:  Succeeded model RAW.stg_order_items (view) [8 of 12 in 0.00s]
10:24:03.494627 [info ]: Started model RAW.int_order_products
10:24:03.494657 [debug]: Started rendering model RAW.int_order_products
10:24:03.495318 [debug]: Finished analyzing [  0.00s] model RAW.stg_order_payments [success]
10:24:03.495436 [info ]:  Succeeded model RAW.stg_order_payments (view) [5 of 12 in 0.01s]
10:24:03.495621 [debug]: Finished analyzing [  0.00s] model RAW.stg_order_reviews [success]
10:24:03.495650 [info ]:  Succeeded model RAW.stg_order_reviews (view) [4 of 12 in 0.01s]
10:24:03.495698 [debug]: Finished analyzing [  0.00s] model RAW.stg_customers [success]
10:24:03.495712 [info ]:  Succeeded model RAW.stg_customers (view) [9 of 12 in 0.01s]
10:24:03.495761 [info ]: Started model RAW.customer_locations
10:24:03.495779 [debug]: Started rendering model RAW.customer_locations
10:24:03.495909 [debug]: Compiled SQL for node model.finalproject.int_order_products at target/.lsp/compiled/finalproject/models/intermediate/int_order_products.sql
10:24:03.496386 [debug]: Started analyzing model RAW.int_order_products
10:24:03.496596 [debug]: Finished rendering [  0.00s] model RAW.int_order_products [success]
10:24:03.496608 [debug]: Finished analyzing [  0.00s] model RAW.stg_orders [success]
10:24:03.496904 [info ]:  Succeeded model RAW.stg_orders (view) [3 of 12 in 0.01s]
10:24:03.497939 [debug]: Compiled SQL for node model.finalproject.customer_locations at target/.lsp/compiled/finalproject/models/marts/customer_locations.sql
10:24:03.498527 [debug]: Finished rendering [  0.00s] model RAW.customer_locations [success]
10:24:03.498675 [debug]: Started analyzing model RAW.customer_locations
10:24:03.500970 [debug]: Finished analyzing [  0.00s] model RAW.customer_locations [success]
10:24:03.501191 [info ]:  Succeeded model RAW.customer_locations (table) [11 of 12 in 0.00s]
10:24:03.506039 [debug]: Finished analyzing [  0.01s] model RAW.int_order_products [success]
10:24:03.506169 [info ]:  Succeeded model RAW.int_order_products (view) [10 of 12 in 0.01s]
10:24:03.506240 [info ]: Started model RAW.product_performance
10:24:03.506257 [debug]: Started rendering model RAW.product_performance
10:24:03.506781 [debug]: Compiled SQL for node model.finalproject.product_performance at target/.lsp/compiled/finalproject/models/marts/product_performance.sql
10:24:03.507133 [debug]: Finished rendering [  0.00s] model RAW.product_performance [success]
10:24:03.507216 [info ]: Finished rendering [  0.02s] (12 nodes, 0 skipped, 0 errors)
10:24:03.507259 [debug]: Started analyzing model RAW.product_performance
10:24:03.509518 [debug]: Finished analyzing [  0.00s] model RAW.product_performance [success]
10:24:03.509616 [info ]: Finished analyzing [  0.02s] (12 nodes, 0 skipped, 0 errors)
10:24:03.509640 [info ]:  Succeeded model RAW.product_performance (table) [12 of 12 in 0.00s]
10:24:03.524223 [info ]: Started scheduling
10:24:03.524779 [info ]: Finished scheduling [  0.00s]
10:24:03.525648 [info ]: 
==================== Execution Summary =====================
Finished 'compile' successfully for target 'dev' [88ms]
Processed: 12 models
Summary: 12 total | 12 success
10:24:03.526982 [info ]: Cached model count updated: 12 models (accurate)
10:24:18.102631 [debug]: Ignoring unsupported LSP notification
==================== 2026-10-06T10:24:27.123870Z | 30fa5d8d-0f70-418d-a3db-509acfb7e5ee ====================
10:24:27.124147 [info ]: Started loading project
10:24:27.124790 [info ]: Loading ~/.dbt/profiles.yml
10:24:27.139027 [info ]: Finished loading project [  0.01s]
10:24:27.210802 [info ]: 
==================== Execution Summary =====================
Finished 'compile' successfully for target 'dev' [86ms]
10:24:27.211091 [info ]: Cached model count updated: 12 models (accurate)
==================== 2026-10-06T10:24:28.519593Z | 84eab31d-668f-4067-8282-f95c779defd6 ====================
10:24:28.519782 [info ]: Started loading project
10:24:28.520505 [info ]: Loading ~/.dbt/profiles.yml
10:24:28.525890 [info ]: Finished loading project [  0.01s]
10:24:28.559927 [info ]: Cached model count updated: 12 models (estimate)
10:24:28.560038 [info ]: Cached model count updated: 12 models (accurate)
10:24:28.560138 [info ]: Started scheduling
10:24:28.560448 [info ]: Finished scheduling [  0.00s]
10:24:28.560555 [debug]: Compilation - 12 nodes selected: {"model.finalproject.customer_locations", "model.finalproject.int_order_products", "model.finalproject.product_performance", "model.finalproject.stg_customers", "model.finalproject.stg_geolocation", "model.finalproject.stg_order_items", "model.finalproject.stg_order_payments", "model.finalproject.stg_order_reviews", "model.finalproject.stg_orders", "model.finalproject.stg_product_category_name_translation", "model.finalproject.stg_products", "model.finalproject.stg_sellers"}
10:24:28.566313 [info ]: Started building task graph
10:24:28.566885 [info ]: Finished building task graph [  0.00s]
10:24:28.569594 [info ]: Started rendering (12 nodes)
10:24:28.569714 [info ]: Started model RAW.stg_sellers
10:24:28.569736 [debug]: Started rendering model RAW.stg_sellers
10:24:28.569842 [info ]: Started model RAW.stg_product_category_name_translation
10:24:28.569915 [debug]: Started rendering model RAW.stg_product_category_name_translation
10:24:28.569953 [info ]: Started model RAW.stg_orders
10:24:28.570015 [debug]: Started rendering model RAW.stg_orders
10:24:28.570046 [info ]: Started model RAW.stg_order_reviews
10:24:28.570059 [debug]: Started rendering model RAW.stg_order_reviews
10:24:28.570157 [info ]: Started model RAW.stg_order_payments
10:24:28.570173 [debug]: Started rendering model RAW.stg_order_payments
10:24:28.570201 [info ]: Started model RAW.stg_geolocation
10:24:28.570223 [debug]: Started rendering model RAW.stg_geolocation
10:24:28.570255 [info ]: Started model RAW.stg_products
10:24:28.570272 [debug]: Started rendering model RAW.stg_products
10:24:28.570299 [info ]: Started model RAW.stg_order_items
10:24:28.570308 [debug]: Started rendering model RAW.stg_order_items
10:24:28.570328 [info ]: Started model RAW.stg_customers
10:24:28.570376 [debug]: Started rendering model RAW.stg_customers
10:24:28.570933 [debug]: Compiled SQL for node model.finalproject.stg_sellers at target/.lsp/compiled/finalproject/models/staging/stg_sellers.sql
10:24:28.570934 [debug]: Compiled SQL for node model.finalproject.stg_orders at target/.lsp/compiled/finalproject/models/staging/stg_orders.sql
10:24:28.571332 [debug]: Finished rendering [  0.00s] model RAW.stg_sellers [success]
10:24:28.571491 [info ]: Started analyzing (12 nodes)
10:24:28.571802 [debug]: Started analyzing model RAW.stg_sellers
10:24:28.572029 [debug]: Finished rendering [  0.00s] model RAW.stg_orders [success]
10:24:28.572140 [debug]: Started analyzing model RAW.stg_orders
10:24:28.573013 [debug]: Compiled SQL for node model.finalproject.stg_product_category_name_translation at target/.lsp/compiled/finalproject/models/staging/stg_product_category_name_translation.sql
10:24:28.573032 [debug]: Compiled SQL for node model.finalproject.stg_geolocation at target/.lsp/compiled/finalproject/models/staging/stg_geolocation.sql
10:24:28.573220 [debug]: Finished rendering [  0.00s] model RAW.stg_product_category_name_translation [success]
10:24:28.573327 [debug]: Compiled SQL for node model.finalproject.stg_customers at target/.lsp/compiled/finalproject/models/staging/stg_customers.sql
10:24:28.573351 [debug]: Compiled SQL for node model.finalproject.stg_order_reviews at target/.lsp/compiled/finalproject/models/staging/stg_order_reviews.sql
10:24:28.573354 [debug]: Started analyzing model RAW.stg_product_category_name_translation
10:24:28.573430 [debug]: Compiled SQL for node model.finalproject.stg_order_items at target/.lsp/compiled/finalproject/models/staging/stg_order_items.sql
10:24:28.573654 [debug]: Finished rendering [  0.00s] model RAW.stg_customers [success]
10:24:28.573821 [debug]: Started analyzing model RAW.stg_customers
10:24:28.572995 [debug]: Compiled SQL for node model.finalproject.stg_products at target/.lsp/compiled/finalproject/models/staging/stg_products.sql
10:24:28.574988 [debug]: Compiled SQL for node model.finalproject.stg_order_payments at target/.lsp/compiled/finalproject/models/staging/stg_order_payments.sql
10:24:28.575289 [debug]: Finished analyzing [  0.00s] model RAW.stg_product_category_name_translation [success]
10:24:28.575360 [info ]:  Succeeded model RAW.stg_product_category_name_translation (view) [2 of 12 in 0.00s]
10:24:28.575454 [debug]: Finished rendering [  0.01s] model RAW.stg_order_reviews [success]
10:24:28.575498 [debug]: Started analyzing model RAW.stg_order_reviews
10:24:28.575630 [debug]: Finished rendering [  0.01s] model RAW.stg_order_items [success]
10:24:28.575667 [debug]: Started analyzing model RAW.stg_order_items
10:24:28.575750 [debug]: Finished rendering [  0.01s] model RAW.stg_geolocation [success]
10:24:28.575770 [debug]: Started analyzing model RAW.stg_geolocation
10:24:28.575799 [debug]: Finished rendering [  0.01s] model RAW.stg_products [success]
10:24:28.575813 [debug]: Started analyzing model RAW.stg_products
10:24:28.575835 [debug]: Finished rendering [  0.01s] model RAW.stg_order_payments [success]
10:24:28.575850 [debug]: Started analyzing model RAW.stg_order_payments
10:24:28.575891 [debug]: Finished analyzing [  0.00s] model RAW.stg_orders [success]
10:24:28.575986 [info ]:  Succeeded model RAW.stg_orders (view) [3 of 12 in 0.01s]
10:24:28.577665 [debug]: Finished analyzing [  0.00s] model RAW.stg_order_payments [success]
10:24:28.577860 [info ]:  Succeeded model RAW.stg_order_payments (view) [5 of 12 in 0.01s]
10:24:28.577954 [debug]: Finished analyzing [  0.00s] model RAW.stg_products [success]
10:24:28.577972 [info ]:  Succeeded model RAW.stg_products (view) [7 of 12 in 0.01s]
10:24:28.578293 [debug]: Finished analyzing [  0.00s] model RAW.stg_customers [success]
10:24:28.578432 [info ]:  Succeeded model RAW.stg_customers (view) [9 of 12 in 0.01s]
10:24:28.578577 [info ]: Started model RAW.customer_locations
10:24:28.578611 [debug]: Started rendering model RAW.customer_locations
10:24:28.578731 [debug]: Finished analyzing [  0.01s] model RAW.stg_sellers [success]
10:24:28.578813 [info ]:  Succeeded model RAW.stg_sellers (view) [1 of 12 in 0.01s]
10:24:28.578876 [debug]: Finished analyzing [  0.00s] model RAW.stg_geolocation [success]
10:24:28.578897 [info ]:  Succeeded model RAW.stg_geolocation (view) [6 of 12 in 0.01s]
10:24:28.579451 [debug]: Compiled SQL for node model.finalproject.customer_locations at target/.lsp/compiled/finalproject/models/marts/customer_locations.sql
10:24:28.580413 [debug]: Finished rendering [  0.00s] model RAW.customer_locations [success]
10:24:28.580601 [debug]: Started analyzing model RAW.customer_locations
10:24:28.581089 [debug]: Finished analyzing [  0.01s] model RAW.stg_order_reviews [success]
10:24:28.581567 [info ]:  Succeeded model RAW.stg_order_reviews (view) [4 of 12 in 0.01s]
10:24:28.581998 [debug]: Finished analyzing [  0.01s] model RAW.stg_order_items [success]
10:24:28.582094 [info ]:  Succeeded model RAW.stg_order_items (view) [8 of 12 in 0.01s]
10:24:28.582506 [info ]: Started model RAW.int_order_products
10:24:28.582780 [debug]: Started rendering model RAW.int_order_products
10:24:28.583429 [debug]: Compiled SQL for node model.finalproject.int_order_products at target/.lsp/compiled/finalproject/models/intermediate/int_order_products.sql
10:24:28.584051 [debug]: Finished rendering [  0.00s] model RAW.int_order_products [success]
10:24:28.584235 [debug]: Started analyzing model RAW.int_order_products
10:24:28.584493 [debug]: Finished analyzing [  0.00s] model RAW.customer_locations [success]
10:24:28.584613 [info ]:  Succeeded model RAW.customer_locations (table) [10 of 12 in 0.00s]
10:24:28.588898 [debug]: Finished analyzing [  0.00s] model RAW.int_order_products [success]
10:24:28.589083 [info ]:  Succeeded model RAW.int_order_products (view) [11 of 12 in 0.01s]
10:24:28.589164 [info ]: Started model RAW.product_performance
10:24:28.589183 [debug]: Started rendering model RAW.product_performance
10:24:28.589948 [debug]: Compiled SQL for node model.finalproject.product_performance at target/.lsp/compiled/finalproject/models/marts/product_performance.sql
10:24:28.590271 [debug]: Finished rendering [  0.00s] model RAW.product_performance [success]
10:24:28.590372 [info ]: Finished rendering [  0.02s] (12 nodes, 0 skipped, 0 errors)
10:24:28.590435 [debug]: Started analyzing model RAW.product_performance
10:24:28.593731 [debug]: Finished analyzing [  0.00s] model RAW.product_performance [success]
10:24:28.593832 [info ]: Finished analyzing [  0.02s] (12 nodes, 0 skipped, 0 errors)
10:24:28.593856 [info ]:  Succeeded model RAW.product_performance (table) [12 of 12 in 0.00s]
10:24:28.648074 [info ]: Started scheduling
10:24:28.648468 [info ]: Finished scheduling [  0.00s]
10:24:28.648913 [info ]: 
==================== Execution Summary =====================
Finished 'compile' successfully for target 'dev' [129ms]
Processed: 12 models
Summary: 12 total | 12 success
10:24:28.649573 [info ]: Cached model count updated: 12 models (accurate)
==================== 2026-10-06T10:25:09.417610Z | f5cbc179-a9ae-45e4-b611-c329dc3ba44e ====================
10:25:09.418563 [info ]: Started loading project
10:25:09.419782 [info ]: Loading ~/.dbt/profiles.yml
10:25:09.428643 [info ]: Finished loading project [  0.01s]
10:25:09.548372 [info ]: 
==================== Execution Summary =====================
Finished 'compile' successfully for target 'dev' [130ms]
10:25:09.548867 [info ]: Cached model count updated: 12 models (accurate)
==================== 2026-10-06T10:25:10.897737Z | 28cda75b-9e58-42fb-99b3-f3324b938d45 ====================
10:25:10.897941 [info ]: Started loading project
10:25:10.898614 [info ]: Loading ~/.dbt/profiles.yml
10:25:10.908934 [info ]: Finished loading project [  0.01s]
10:25:10.954223 [info ]: Cached model count updated: 12 models (estimate)
10:25:10.954326 [info ]: Cached model count updated: 12 models (accurate)
10:25:10.954420 [info ]: Started scheduling
10:25:10.955067 [info ]: Finished scheduling [  0.00s]
10:25:10.955207 [debug]: Compilation - 12 nodes selected: {"model.finalproject.customer_locations", "model.finalproject.int_order_products", "model.finalproject.product_performance", "model.finalproject.stg_customers", "model.finalproject.stg_geolocation", "model.finalproject.stg_order_items", "model.finalproject.stg_order_payments", "model.finalproject.stg_order_reviews", "model.finalproject.stg_orders", "model.finalproject.stg_product_category_name_translation", "model.finalproject.stg_products", "model.finalproject.stg_sellers"}
10:25:10.962986 [info ]: Started building task graph
10:25:10.963571 [info ]: Finished building task graph [  0.00s]
10:25:10.971349 [info ]: Started rendering (12 nodes)
10:25:10.971594 [info ]: Started model RAW.stg_sellers
10:25:10.971622 [debug]: Started rendering model RAW.stg_sellers
10:25:10.971786 [info ]: Started model RAW.stg_product_category_name_translation
10:25:10.971804 [debug]: Started rendering model RAW.stg_product_category_name_translation
10:25:10.971828 [info ]: Started model RAW.stg_orders
10:25:10.971904 [debug]: Started rendering model RAW.stg_orders
10:25:10.971983 [info ]: Started model RAW.stg_order_reviews
10:25:10.972001 [debug]: Started rendering model RAW.stg_order_reviews
10:25:10.972022 [info ]: Started model RAW.stg_order_payments
10:25:10.972030 [debug]: Started rendering model RAW.stg_order_payments
10:25:10.972047 [info ]: Started model RAW.stg_geolocation
10:25:10.972055 [debug]: Started rendering model RAW.stg_geolocation
10:25:10.972071 [info ]: Started model RAW.stg_products
10:25:10.972086 [debug]: Started rendering model RAW.stg_products
10:25:10.972118 [info ]: Started model RAW.stg_order_items
10:25:10.972132 [debug]: Started rendering model RAW.stg_order_items
10:25:10.972155 [info ]: Started model RAW.stg_customers
10:25:10.972163 [debug]: Started rendering model RAW.stg_customers
10:25:10.974285 [debug]: Compiled SQL for node model.finalproject.stg_order_items at target/.lsp/compiled/finalproject/models/staging/stg_order_items.sql
10:25:10.975444 [debug]: Compiled SQL for node model.finalproject.stg_order_payments at target/.lsp/compiled/finalproject/models/staging/stg_order_payments.sql
10:25:10.976808 [debug]: Finished rendering [  0.00s] model RAW.stg_order_items [success]
10:25:10.978251 [debug]: Compiled SQL for node model.finalproject.stg_product_category_name_translation at target/.lsp/compiled/finalproject/models/staging/stg_product_category_name_translation.sql
10:25:10.978577 [debug]: Compiled SQL for node model.finalproject.stg_orders at target/.lsp/compiled/finalproject/models/staging/stg_orders.sql
10:25:10.978871 [debug]: Compiled SQL for node model.finalproject.stg_geolocation at target/.lsp/compiled/finalproject/models/staging/stg_geolocation.sql
10:25:10.979162 [debug]: Compiled SQL for node model.finalproject.stg_order_reviews at target/.lsp/compiled/finalproject/models/staging/stg_order_reviews.sql
10:25:10.979222 [info ]: Started analyzing (12 nodes)
10:25:10.979268 [debug]: Started analyzing model RAW.stg_order_items
10:25:10.979355 [debug]: Finished rendering [  0.01s] model RAW.stg_order_payments [success]
10:25:10.979480 [debug]: Started analyzing model RAW.stg_order_payments
10:25:10.979554 [debug]: Finished rendering [  0.01s] model RAW.stg_product_category_name_translation [success]
10:25:10.979600 [debug]: Started analyzing model RAW.stg_product_category_name_translation
10:25:10.979657 [debug]: Started analyzing model RAW.stg_orders
10:25:10.979788 [debug]: Started analyzing model RAW.stg_order_reviews
10:25:10.979830 [debug]: Compiled SQL for node model.finalproject.stg_products at target/.lsp/compiled/finalproject/models/staging/stg_products.sql
10:25:10.979933 [debug]: Finished rendering [  0.01s] model RAW.stg_orders [success]
10:25:10.980288 [debug]: Compiled SQL for node model.finalproject.stg_sellers at target/.lsp/compiled/finalproject/models/staging/stg_sellers.sql
10:25:10.980658 [debug]: Started analyzing model RAW.stg_geolocation
10:25:10.980770 [debug]: Compiled SQL for node model.finalproject.stg_customers at target/.lsp/compiled/finalproject/models/staging/stg_customers.sql
10:25:10.980844 [debug]: Started analyzing model RAW.stg_products
10:25:10.981097 [debug]: Started analyzing model RAW.stg_sellers
10:25:10.981155 [debug]: Started analyzing model RAW.stg_customers
10:25:10.982252 [debug]: Finished rendering [  0.01s] model RAW.stg_geolocation [success]
10:25:10.982352 [debug]: Finished rendering [  0.01s] model RAW.stg_order_reviews [success]
10:25:10.983662 [debug]: Finished rendering [  0.01s] model RAW.stg_products [success]
10:25:10.983791 [debug]: Finished rendering [  0.01s] model RAW.stg_sellers [success]
10:25:10.984011 [debug]: Finished rendering [  0.01s] model RAW.stg_customers [success]
10:25:10.997140 [debug]: Finished analyzing [  0.02s] model RAW.stg_products [success]
10:25:10.997461 [info ]:  Succeeded model RAW.stg_products (view) [7 of 12 in 0.02s]
10:25:10.997730 [debug]: Finished analyzing [  0.02s] model RAW.stg_sellers [success]
10:25:10.997822 [info ]:  Succeeded model RAW.stg_sellers (view) [1 of 12 in 0.03s]
10:25:10.997897 [debug]: Finished analyzing [  0.02s] model RAW.stg_order_reviews [success]
10:25:10.997922 [info ]:  Succeeded model RAW.stg_order_reviews (view) [4 of 12 in 0.03s]
10:25:10.997957 [debug]: Finished analyzing [  0.02s] model RAW.stg_order_payments [success]
10:25:10.998007 [info ]:  Succeeded model RAW.stg_order_payments (view) [5 of 12 in 0.03s]
10:25:10.998468 [debug]: Finished analyzing [  0.02s] model RAW.stg_product_category_name_translation [success]
10:25:10.998571 [info ]:  Succeeded model RAW.stg_product_category_name_translation (view) [2 of 12 in 0.03s]
10:25:10.998646 [debug]: Finished analyzing [  0.02s] model RAW.stg_orders [success]
10:25:10.998670 [info ]:  Succeeded model RAW.stg_orders (view) [3 of 12 in 0.03s]
10:25:10.999024 [debug]: Finished analyzing [  0.02s] model RAW.stg_geolocation [success]
10:25:10.999124 [info ]:  Succeeded model RAW.stg_geolocation (view) [6 of 12 in 0.03s]
10:25:10.999230 [debug]: Finished analyzing [  0.02s] model RAW.stg_order_items [success]
10:25:10.999447 [info ]:  Succeeded model RAW.stg_order_items (view) [8 of 12 in 0.02s]
10:25:10.999574 [info ]: Started model RAW.int_order_products
10:25:10.999607 [debug]: Started rendering model RAW.int_order_products
10:25:11.000078 [debug]: Finished analyzing [  0.02s] model RAW.stg_customers [success]
10:25:11.000173 [info ]:  Succeeded model RAW.stg_customers (view) [9 of 12 in 0.03s]
10:25:11.000253 [debug]: Compiled SQL for node model.finalproject.int_order_products at target/.lsp/compiled/finalproject/models/intermediate/int_order_products.sql
10:25:11.000322 [info ]: Started model RAW.customer_locations
10:25:11.000402 [debug]: Started rendering model RAW.customer_locations
10:25:11.000578 [debug]: Finished rendering [  0.00s] model RAW.int_order_products [success]
10:25:11.000702 [debug]: Started analyzing model RAW.int_order_products
10:25:11.001022 [debug]: Compiled SQL for node model.finalproject.customer_locations at target/.lsp/compiled/finalproject/models/marts/customer_locations.sql
10:25:11.001458 [debug]: Finished rendering [  0.00s] model RAW.customer_locations [success]
10:25:11.001557 [debug]: Started analyzing model RAW.customer_locations
10:25:11.007900 [debug]: Finished analyzing [  0.01s] model RAW.customer_locations [success]
10:25:11.008082 [info ]:  Succeeded model RAW.customer_locations (table) [11 of 12 in 0.01s]
10:25:11.009880 [debug]: Finished analyzing [  0.01s] model RAW.int_order_products [success]
10:25:11.010017 [info ]:  Succeeded model RAW.int_order_products (view) [10 of 12 in 0.01s]
10:25:11.010281 [info ]: Started model RAW.product_performance
10:25:11.010474 [debug]: Started rendering model RAW.product_performance
10:25:11.011141 [debug]: Compiled SQL for node model.finalproject.product_performance at target/.lsp/compiled/finalproject/models/marts/product_performance.sql
10:25:11.011767 [debug]: Finished rendering [  0.00s] model RAW.product_performance [success]
10:25:11.011886 [info ]: Finished rendering [  0.04s] (12 nodes, 0 skipped, 0 errors)
10:25:11.011952 [debug]: Started analyzing model RAW.product_performance
10:25:11.019079 [debug]: Finished analyzing [  0.01s] model RAW.product_performance [success]
10:25:11.019218 [info ]: Finished analyzing [  0.04s] (12 nodes, 0 skipped, 0 errors)
10:25:11.019250 [info ]:  Succeeded model RAW.product_performance (table) [12 of 12 in 0.01s]
10:25:11.042879 [info ]: Started scheduling
10:25:11.043205 [info ]: Finished scheduling [  0.00s]
10:25:11.043518 [info ]: 
==================== Execution Summary =====================
Finished 'compile' successfully for target 'dev' [145ms]
Processed: 12 models
Summary: 12 total | 12 success
10:25:11.044646 [info ]: Cached model count updated: 12 models (accurate)
==================== 2026-10-06T10:25:11.567657Z | a2840b9a-c05c-40b0-b885-04268e159212 ====================
10:25:11.567857 [info ]: Started loading project
10:25:11.568312 [info ]: Loading ~/.dbt/profiles.yml
10:25:11.573444 [info ]: Finished loading project [  0.01s]
10:25:11.614725 [info ]: 
==================== Execution Summary =====================
Finished 'compile' successfully for target 'dev' [47ms]
10:25:11.614968 [info ]: Cached model count updated: 12 models (accurate)
==================== 2026-10-06T10:25:12.965736Z | 25923412-3dc2-406b-a9cc-463e0507f102 ====================
10:25:12.965935 [info ]: Started loading project
10:25:12.967016 [info ]: Loading ~/.dbt/profiles.yml
10:25:12.977032 [info ]: Finished loading project [  0.01s]
10:25:13.055308 [info ]: Cached model count updated: 12 models (estimate)
10:25:13.055463 [info ]: Cached model count updated: 12 models (accurate)
10:25:13.055634 [info ]: Started scheduling
10:25:13.056061 [info ]: Finished scheduling [  0.00s]
10:25:13.056213 [debug]: Compilation - 12 nodes selected: {"model.finalproject.customer_locations", "model.finalproject.int_order_products", "model.finalproject.product_performance", "model.finalproject.stg_customers", "model.finalproject.stg_geolocation", "model.finalproject.stg_order_items", "model.finalproject.stg_order_payments", "model.finalproject.stg_order_reviews", "model.finalproject.stg_orders", "model.finalproject.stg_product_category_name_translation", "model.finalproject.stg_products", "model.finalproject.stg_sellers"}
10:25:13.063125 [info ]: Started building task graph
10:25:13.063564 [info ]: Finished building task graph [  0.00s]
10:25:13.066004 [info ]: Started rendering (12 nodes)
10:25:13.066119 [info ]: Started model RAW.stg_sellers
10:25:13.066140 [debug]: Started rendering model RAW.stg_sellers
10:25:13.066246 [info ]: Started model RAW.stg_product_category_name_translation
10:25:13.066313 [debug]: Started rendering model RAW.stg_product_category_name_translation
10:25:13.066347 [info ]: Started model RAW.stg_orders
10:25:13.066425 [debug]: Started rendering model RAW.stg_orders
10:25:13.066454 [info ]: Started model RAW.stg_order_reviews
10:25:13.066467 [debug]: Started rendering model RAW.stg_order_reviews
10:25:13.066486 [info ]: Started model RAW.stg_order_payments
10:25:13.066544 [debug]: Started rendering model RAW.stg_order_payments
10:25:13.066575 [info ]: Started model RAW.stg_geolocation
10:25:13.066588 [debug]: Started rendering model RAW.stg_geolocation
10:25:13.066757 [info ]: Started model RAW.stg_products
10:25:13.066790 [debug]: Started rendering model RAW.stg_products
10:25:13.066819 [info ]: Started model RAW.stg_order_items
10:25:13.066832 [debug]: Started rendering model RAW.stg_order_items
10:25:13.066856 [info ]: Started model RAW.stg_customers
10:25:13.066866 [debug]: Started rendering model RAW.stg_customers
10:25:13.066973 [debug]: Compiled SQL for node model.finalproject.stg_sellers at target/.lsp/compiled/finalproject/models/staging/stg_sellers.sql
10:25:13.066973 [debug]: Compiled SQL for node model.finalproject.stg_orders at target/.lsp/compiled/finalproject/models/staging/stg_orders.sql
10:25:13.067120 [debug]: Finished rendering [  0.00s] model RAW.stg_sellers [success]
10:25:13.067156 [debug]: Compiled SQL for node model.finalproject.stg_order_items at target/.lsp/compiled/finalproject/models/staging/stg_order_items.sql
10:25:13.067164 [debug]: Compiled SQL for node model.finalproject.stg_products at target/.lsp/compiled/finalproject/models/staging/stg_products.sql
10:25:13.067173 [info ]: Started analyzing (12 nodes)
10:25:13.067190 [debug]: Started analyzing model RAW.stg_sellers
10:25:13.067233 [debug]: Finished rendering [  0.00s] model RAW.stg_orders [success]
10:25:13.067253 [debug]: Started analyzing model RAW.stg_orders
10:25:13.067343 [debug]: Finished rendering [  0.00s] model RAW.stg_order_items [success]
10:25:13.067402 [debug]: Started analyzing model RAW.stg_order_items
10:25:13.067402 [debug]: Compiled SQL for node model.finalproject.stg_customers at target/.lsp/compiled/finalproject/models/staging/stg_customers.sql
10:25:13.067513 [debug]: Compiled SQL for node model.finalproject.stg_order_reviews at target/.lsp/compiled/finalproject/models/staging/stg_order_reviews.sql
10:25:13.067604 [debug]: Compiled SQL for node model.finalproject.stg_geolocation at target/.lsp/compiled/finalproject/models/staging/stg_geolocation.sql
10:25:13.067995 [debug]: Finished rendering [  0.00s] model RAW.stg_products [success]
10:25:13.068083 [debug]: Started analyzing model RAW.stg_products
10:25:13.068138 [debug]: Finished rendering [  0.00s] model RAW.stg_order_reviews [success]
10:25:13.068196 [debug]: Started analyzing model RAW.stg_order_reviews
10:25:13.068446 [debug]: Finished rendering [  0.00s] model RAW.stg_geolocation [success]
10:25:13.068485 [debug]: Started analyzing model RAW.stg_geolocation
10:25:13.069839 [debug]: Compiled SQL for node model.finalproject.stg_product_category_name_translation at target/.lsp/compiled/finalproject/models/staging/stg_product_category_name_translation.sql
10:25:13.069839 [debug]: Compiled SQL for node model.finalproject.stg_order_payments at target/.lsp/compiled/finalproject/models/staging/stg_order_payments.sql
10:25:13.070012 [debug]: Finished analyzing [  0.00s] model RAW.stg_sellers [success]
10:25:13.070066 [info ]:  Succeeded model RAW.stg_sellers (view) [1 of 12 in 0.00s]
10:25:13.070136 [debug]: Finished analyzing [  0.00s] model RAW.stg_orders [success]
10:25:13.070150 [info ]:  Succeeded model RAW.stg_orders (view) [3 of 12 in 0.00s]
10:25:13.070185 [debug]: Finished rendering [  0.00s] model RAW.stg_customers [success]
10:25:13.070223 [debug]: Started analyzing model RAW.stg_customers
10:25:13.070413 [debug]: Finished rendering [  0.00s] model RAW.stg_product_category_name_translation [success]
10:25:13.070483 [debug]: Started analyzing model RAW.stg_product_category_name_translation
10:25:13.070838 [debug]: Finished rendering [  0.00s] model RAW.stg_order_payments [success]
10:25:13.071025 [debug]: Started analyzing model RAW.stg_order_payments
10:25:13.071235 [debug]: Finished analyzing [  0.00s] model RAW.stg_order_items [success]
10:25:13.071619 [info ]:  Succeeded model RAW.stg_order_items (view) [8 of 12 in 0.00s]
10:25:13.071968 [debug]: Finished analyzing [  0.00s] model RAW.stg_product_category_name_translation [success]
10:25:13.072020 [info ]:  Succeeded model RAW.stg_product_category_name_translation (view) [2 of 12 in 0.01s]
10:25:13.073118 [debug]: Finished analyzing [  0.00s] model RAW.stg_geolocation [success]
10:25:13.073301 [info ]:  Succeeded model RAW.stg_geolocation (view) [6 of 12 in 0.01s]
10:25:13.073391 [debug]: Finished analyzing [  0.01s] model RAW.stg_order_reviews [success]
10:25:13.073417 [info ]:  Succeeded model RAW.stg_order_reviews (view) [4 of 12 in 0.01s]
10:25:13.073445 [debug]: Finished analyzing [  0.00s] model RAW.stg_customers [success]
10:25:13.073459 [info ]:  Succeeded model RAW.stg_customers (view) [9 of 12 in 0.01s]
10:25:13.073510 [info ]: Started model RAW.customer_locations
10:25:13.073557 [debug]: Started rendering model RAW.customer_locations
10:25:13.074318 [debug]: Finished analyzing [  0.00s] model RAW.stg_order_payments [success]
10:25:13.074619 [info ]:  Succeeded model RAW.stg_order_payments (view) [5 of 12 in 0.01s]
10:25:13.074675 [debug]: Compiled SQL for node model.finalproject.customer_locations at target/.lsp/compiled/finalproject/models/marts/customer_locations.sql
10:25:13.074743 [debug]: Finished analyzing [  0.01s] model RAW.stg_products [success]
10:25:13.074860 [info ]:  Succeeded model RAW.stg_products (view) [7 of 12 in 0.01s]
10:25:13.074945 [info ]: Started model RAW.int_order_products
10:25:13.074980 [debug]: Started rendering model RAW.int_order_products
10:25:13.075102 [debug]: Finished rendering [  0.00s] model RAW.customer_locations [success]
10:25:13.075160 [debug]: Started analyzing model RAW.customer_locations
10:25:13.075639 [debug]: Compiled SQL for node model.finalproject.int_order_products at target/.lsp/compiled/finalproject/models/intermediate/int_order_products.sql
10:25:13.076167 [debug]: Finished rendering [  0.00s] model RAW.int_order_products [success]
10:25:13.076368 [debug]: Started analyzing model RAW.int_order_products
10:25:13.080598 [debug]: Finished analyzing [  0.01s] model RAW.customer_locations [success]
10:25:13.081402 [info ]:  Succeeded model RAW.customer_locations (table) [10 of 12 in 0.01s]
10:25:13.085145 [debug]: Finished analyzing [  0.01s] model RAW.int_order_products [success]
10:25:13.085384 [info ]:  Succeeded model RAW.int_order_products (view) [11 of 12 in 0.01s]
10:25:13.085532 [info ]: Started model RAW.product_performance
10:25:13.085577 [debug]: Started rendering model RAW.product_performance
10:25:13.086191 [debug]: Compiled SQL for node model.finalproject.product_performance at target/.lsp/compiled/finalproject/models/marts/product_performance.sql
10:25:13.086463 [debug]: Finished rendering [  0.00s] model RAW.product_performance [success]
10:25:13.086550 [info ]: Finished rendering [  0.02s] (12 nodes, 0 skipped, 0 errors)
10:25:13.086612 [debug]: Started analyzing model RAW.product_performance
10:25:13.090236 [debug]: Finished analyzing [  0.00s] model RAW.product_performance [success]
10:25:13.090512 [info ]: Finished analyzing [  0.02s] (12 nodes, 0 skipped, 0 errors)
10:25:13.090561 [info ]:  Succeeded model RAW.product_performance (table) [12 of 12 in 0.00s]
10:25:13.103291 [info ]: Started scheduling
10:25:13.103633 [info ]: Finished scheduling [  0.00s]
10:25:13.103781 [info ]: 
==================== Execution Summary =====================
Finished 'compile' successfully for target 'dev' [138ms]
Processed: 12 models
Summary: 12 total | 12 success
10:25:13.104405 [info ]: Cached model count updated: 12 models (accurate)
==================== 2026-10-06T10:25:43.818104Z | cb9db44e-cb07-44c3-a001-fd276d8426d5 ====================
10:25:43.818798 [info ]: Started loading project
10:25:43.820200 [info ]: Loading ~/.dbt/profiles.yml
10:25:43.832813 [info ]: Finished loading project [  0.01s]
10:25:43.918345 [info ]: 
==================== Execution Summary =====================
Finished 'compile' successfully for target 'dev' [100ms]
10:25:43.918846 [info ]: Cached model count updated: 12 models (accurate)
==================== 2026-10-06T10:25:45.180749Z | 85c8c419-dfe2-4183-b7f1-15a65ac0c5f2 ====================
10:25:45.180947 [info ]: Started loading project
10:25:45.181449 [info ]: Loading ~/.dbt/profiles.yml
10:25:45.187688 [info ]: Finished loading project [  0.01s]
10:25:45.224471 [info ]: Cached model count updated: 12 models (estimate)
10:25:45.224590 [info ]: Cached model count updated: 12 models (accurate)
10:25:45.224676 [info ]: Started scheduling
10:25:45.224968 [info ]: Finished scheduling [  0.00s]
10:25:45.225058 [debug]: Compilation - 12 nodes selected: {"model.finalproject.customer_locations", "model.finalproject.int_order_products", "model.finalproject.product_performance", "model.finalproject.stg_customers", "model.finalproject.stg_geolocation", "model.finalproject.stg_order_items", "model.finalproject.stg_order_payments", "model.finalproject.stg_order_reviews", "model.finalproject.stg_orders", "model.finalproject.stg_product_category_name_translation", "model.finalproject.stg_products", "model.finalproject.stg_sellers"}
10:25:45.229696 [info ]: Started building task graph
10:25:45.230292 [info ]: Finished building task graph [  0.00s]
10:25:45.233064 [info ]: Started rendering (12 nodes)
10:25:45.233207 [info ]: Started model RAW.stg_sellers
10:25:45.233229 [debug]: Started rendering model RAW.stg_sellers
10:25:45.233386 [info ]: Started model RAW.stg_product_category_name_translation
10:25:45.233405 [debug]: Started rendering model RAW.stg_product_category_name_translation
10:25:45.233481 [info ]: Started model RAW.stg_orders
10:25:45.233571 [debug]: Started rendering model RAW.stg_orders
10:25:45.233610 [info ]: Started model RAW.stg_order_reviews
10:25:45.233629 [debug]: Started rendering model RAW.stg_order_reviews
10:25:45.233654 [info ]: Started model RAW.stg_order_payments
10:25:45.233663 [debug]: Started rendering model RAW.stg_order_payments
10:25:45.233683 [info ]: Started model RAW.stg_geolocation
10:25:45.233696 [debug]: Started rendering model RAW.stg_geolocation
10:25:45.233715 [info ]: Started model RAW.stg_products
10:25:45.233729 [debug]: Started rendering model RAW.stg_products
10:25:45.233752 [info ]: Started model RAW.stg_order_items
10:25:45.233769 [debug]: Started rendering model RAW.stg_order_items
10:25:45.233792 [info ]: Started model RAW.stg_customers
10:25:45.233814 [debug]: Started rendering model RAW.stg_customers
10:25:45.234369 [debug]: Compiled SQL for node model.finalproject.stg_sellers at target/.lsp/compiled/finalproject/models/staging/stg_sellers.sql
10:25:45.234744 [debug]: Finished rendering [  0.00s] model RAW.stg_sellers [success]
10:25:45.234860 [info ]: Started analyzing (12 nodes)
10:25:45.234882 [debug]: Started analyzing model RAW.stg_sellers
10:25:45.236305 [debug]: Compiled SQL for node model.finalproject.stg_orders at target/.lsp/compiled/finalproject/models/staging/stg_orders.sql
10:25:45.236421 [debug]: Compiled SQL for node model.finalproject.stg_products at target/.lsp/compiled/finalproject/models/staging/stg_products.sql
10:25:45.236665 [debug]: Compiled SQL for node model.finalproject.stg_customers at target/.lsp/compiled/finalproject/models/staging/stg_customers.sql
10:25:45.236664 [debug]: Compiled SQL for node model.finalproject.stg_product_category_name_translation at target/.lsp/compiled/finalproject/models/staging/stg_product_category_name_translation.sql
10:25:45.236778 [debug]: Finished rendering [  0.00s] model RAW.stg_products [success]
10:25:45.236888 [debug]: Started analyzing model RAW.stg_products
10:25:45.236912 [debug]: Compiled SQL for node model.finalproject.stg_order_payments at target/.lsp/compiled/finalproject/models/staging/stg_order_payments.sql
10:25:45.236929 [debug]: Compiled SQL for node model.finalproject.stg_order_items at target/.lsp/compiled/finalproject/models/staging/stg_order_items.sql
10:25:45.236963 [debug]: Finished rendering [  0.00s] model RAW.stg_orders [success]
10:25:45.237000 [debug]: Started analyzing model RAW.stg_orders
10:25:45.237222 [debug]: Finished rendering [  0.00s] model RAW.stg_customers [success]
10:25:45.237310 [debug]: Started analyzing model RAW.stg_customers
10:25:45.237421 [debug]: Finished rendering [  0.00s] model RAW.stg_order_payments [success]
10:25:45.237474 [debug]: Started analyzing model RAW.stg_order_payments
10:25:45.237548 [debug]: Compiled SQL for node model.finalproject.stg_geolocation at target/.lsp/compiled/finalproject/models/staging/stg_geolocation.sql
10:25:45.237829 [debug]: Compiled SQL for node model.finalproject.stg_order_reviews at target/.lsp/compiled/finalproject/models/staging/stg_order_reviews.sql
10:25:45.238978 [debug]: Finished rendering [  0.01s] model RAW.stg_order_items [success]
10:25:45.239126 [debug]: Started analyzing model RAW.stg_order_items
10:25:45.239188 [debug]: Finished rendering [  0.01s] model RAW.stg_product_category_name_translation [success]
10:25:45.239221 [debug]: Started analyzing model RAW.stg_product_category_name_translation
10:25:45.239358 [debug]: Finished analyzing [  0.00s] model RAW.stg_products [success]
10:25:45.239434 [info ]:  Succeeded model RAW.stg_products (view) [7 of 12 in 0.01s]
10:25:45.239504 [debug]: Finished rendering [  0.01s] model RAW.stg_geolocation [success]
10:25:45.239532 [debug]: Started analyzing model RAW.stg_geolocation
10:25:45.239567 [debug]: Finished rendering [  0.01s] model RAW.stg_order_reviews [success]
10:25:45.239588 [debug]: Started analyzing model RAW.stg_order_reviews
10:25:45.240588 [debug]: Finished analyzing [  0.00s] model RAW.stg_product_category_name_translation [success]
10:25:45.240741 [info ]:  Succeeded model RAW.stg_product_category_name_translation (view) [2 of 12 in 0.01s]
10:25:45.240879 [debug]: Finished analyzing [  0.00s] model RAW.stg_order_items [success]
10:25:45.240962 [info ]:  Succeeded model RAW.stg_order_items (view) [8 of 12 in 0.01s]
10:25:45.241116 [info ]: Started model RAW.int_order_products
10:25:45.241160 [debug]: Started rendering model RAW.int_order_products
10:25:45.241376 [debug]: Finished analyzing [  0.01s] model RAW.stg_sellers [success]
10:25:45.241449 [info ]:  Succeeded model RAW.stg_sellers (view) [1 of 12 in 0.01s]
10:25:45.241519 [debug]: Finished analyzing [  0.00s] model RAW.stg_customers [success]
10:25:45.241538 [info ]:  Succeeded model RAW.stg_customers (view) [9 of 12 in 0.01s]
10:25:45.241587 [info ]: Started model RAW.customer_locations
10:25:45.241608 [debug]: Started rendering model RAW.customer_locations
10:25:45.241736 [debug]: Finished analyzing [  0.00s] model RAW.stg_orders [success]
10:25:45.241942 [debug]: Compiled SQL for node model.finalproject.int_order_products at target/.lsp/compiled/finalproject/models/intermediate/int_order_products.sql
10:25:45.242009 [debug]: Compiled SQL for node model.finalproject.customer_locations at target/.lsp/compiled/finalproject/models/marts/customer_locations.sql
10:25:45.242041 [info ]:  Succeeded model RAW.stg_orders (view) [3 of 12 in 0.01s]
10:25:45.242154 [debug]: Finished analyzing [  0.00s] model RAW.stg_geolocation [success]
10:25:45.242195 [info ]:  Succeeded model RAW.stg_geolocation (view) [6 of 12 in 0.01s]
10:25:45.242229 [debug]: Finished analyzing [  0.00s] model RAW.stg_order_payments [success]
10:25:45.242246 [info ]:  Succeeded model RAW.stg_order_payments (view) [5 of 12 in 0.01s]
10:25:45.242281 [debug]: Finished rendering [  0.00s] model RAW.int_order_products [success]
10:25:45.242317 [debug]: Started analyzing model RAW.int_order_products
10:25:45.242358 [debug]: Finished rendering [  0.00s] model RAW.customer_locations [success]
10:25:45.242405 [debug]: Started analyzing model RAW.customer_locations
10:25:45.243168 [debug]: Finished analyzing [  0.00s] model RAW.stg_order_reviews [success]
10:25:45.243231 [info ]:  Succeeded model RAW.stg_order_reviews (view) [4 of 12 in 0.01s]
10:25:45.246002 [debug]: Finished analyzing [  0.00s] model RAW.customer_locations [success]
10:25:45.246156 [info ]:  Succeeded model RAW.customer_locations (table) [11 of 12 in 0.00s]
10:25:45.286649 [debug]: Finished analyzing [  0.04s] model RAW.int_order_products [success]
10:25:45.286784 [info ]:  Succeeded model RAW.int_order_products (view) [10 of 12 in 0.04s]
10:25:45.286878 [info ]: Started model RAW.product_performance
10:25:45.286898 [debug]: Started rendering model RAW.product_performance
10:25:45.287561 [debug]: Compiled SQL for node model.finalproject.product_performance at target/.lsp/compiled/finalproject/models/marts/product_performance.sql
10:25:45.287989 [debug]: Finished rendering [  0.00s] model RAW.product_performance [success]
10:25:45.288080 [info ]: Finished rendering [  0.06s] (12 nodes, 0 skipped, 0 errors)
10:25:45.288136 [debug]: Started analyzing model RAW.product_performance
10:25:45.291766 [debug]: Finished analyzing [  0.00s] model RAW.product_performance [success]
10:25:45.291993 [info ]: Finished analyzing [  0.06s] (12 nodes, 0 skipped, 0 errors)
10:25:45.292032 [info ]:  Succeeded model RAW.product_performance (table) [12 of 12 in 0.00s]
10:25:45.304590 [info ]: Started scheduling
10:25:45.304873 [info ]: Finished scheduling [  0.00s]
10:25:45.305059 [info ]: 
==================== Execution Summary =====================
Finished 'compile' successfully for target 'dev' [124ms]
Processed: 12 models
Summary: 12 total | 12 success
10:25:45.305899 [info ]: Cached model count updated: 12 models (accurate)
==================== 2026-10-06T10:27:38.509868Z | 80d67fd4-e887-4e40-b7ed-82ba34fa68da ====================
10:27:38.510364 [info ]: Started loading project
10:27:38.512564 [info ]: Loading ~/.dbt/profiles.yml
10:27:38.520007 [info ]: Finished loading project [  0.01s]
10:27:38.579288 [info ]: 
==================== Execution Summary =====================
Finished 'compile' successfully for target 'dev' [69ms]
10:27:38.579625 [info ]: Cached model count updated: 12 models (accurate)
==================== 2026-10-06T10:27:39.871905Z | 4ea86a78-2c7b-4e56-8787-57f01056569c ====================
10:27:39.872367 [info ]: Started loading project
10:27:39.872783 [info ]: Loading ~/.dbt/profiles.yml
10:27:39.878197 [info ]: Finished loading project [  0.01s]
10:27:39.928778 [info ]: Cached model count updated: 12 models (estimate)
10:27:39.928850 [info ]: Cached model count updated: 12 models (accurate)
10:27:39.928924 [info ]: Started scheduling
10:27:39.929147 [info ]: Finished scheduling [  0.00s]
10:27:39.929212 [debug]: Compilation - 12 nodes selected: {"model.finalproject.customer_locations", "model.finalproject.int_order_products", "model.finalproject.product_performance", "model.finalproject.stg_customers", "model.finalproject.stg_geolocation", "model.finalproject.stg_order_items", "model.finalproject.stg_order_payments", "model.finalproject.stg_order_reviews", "model.finalproject.stg_orders", "model.finalproject.stg_product_category_name_translation", "model.finalproject.stg_products", "model.finalproject.stg_sellers"}
10:27:39.932239 [info ]: Started building task graph
10:27:39.932458 [info ]: Finished building task graph [  0.00s]
10:27:39.934131 [info ]: Started rendering (12 nodes)
10:27:39.934207 [info ]: Started model RAW.stg_sellers
10:27:39.934222 [debug]: Started rendering model RAW.stg_sellers
10:27:39.934294 [info ]: Started model RAW.stg_product_category_name_translation
10:27:39.934304 [debug]: Started rendering model RAW.stg_product_category_name_translation
10:27:39.934316 [info ]: Started model RAW.stg_orders
10:27:39.934321 [debug]: Started rendering model RAW.stg_orders
10:27:39.934331 [info ]: Started model RAW.stg_order_reviews
10:27:39.934337 [debug]: Started rendering model RAW.stg_order_reviews
10:27:39.934346 [info ]: Started model RAW.stg_order_payments
10:27:39.934352 [debug]: Started rendering model RAW.stg_order_payments
10:27:39.934361 [info ]: Started model RAW.stg_geolocation
10:27:39.934366 [debug]: Started rendering model RAW.stg_geolocation
10:27:39.934375 [info ]: Started model RAW.stg_products
10:27:39.934380 [debug]: Started rendering model RAW.stg_products
10:27:39.934388 [info ]: Started model RAW.stg_order_items
10:27:39.934400 [debug]: Started rendering model RAW.stg_order_items
10:27:39.934416 [info ]: Started model RAW.stg_customers
10:27:39.934423 [debug]: Started rendering model RAW.stg_customers
10:27:39.936502 [debug]: Compiled SQL for node model.finalproject.stg_products at target/.lsp/compiled/finalproject/models/staging/stg_products.sql
10:27:39.936640 [debug]: Compiled SQL for node model.finalproject.stg_orders at target/.lsp/compiled/finalproject/models/staging/stg_orders.sql
10:27:39.936811 [debug]: Compiled SQL for node model.finalproject.stg_order_items at target/.lsp/compiled/finalproject/models/staging/stg_order_items.sql
10:27:39.936896 [debug]: Finished rendering [  0.00s] model RAW.stg_orders [success]
10:27:39.936909 [debug]: Compiled SQL for node model.finalproject.stg_product_category_name_translation at target/.lsp/compiled/finalproject/models/staging/stg_product_category_name_translation.sql
10:27:39.936908 [debug]: Compiled SQL for node model.finalproject.stg_sellers at target/.lsp/compiled/finalproject/models/staging/stg_sellers.sql
10:27:39.936980 [info ]: Started analyzing (12 nodes)
10:27:39.936999 [debug]: Compiled SQL for node model.finalproject.stg_geolocation at target/.lsp/compiled/finalproject/models/staging/stg_geolocation.sql
10:27:39.937005 [debug]: Started analyzing model RAW.stg_orders
10:27:39.937100 [debug]: Finished rendering [  0.00s] model RAW.stg_order_items [success]
10:27:39.937203 [debug]: Started analyzing model RAW.stg_order_items
10:27:39.937231 [debug]: Compiled SQL for node model.finalproject.stg_order_reviews at target/.lsp/compiled/finalproject/models/staging/stg_order_reviews.sql
10:27:39.937283 [debug]: Finished rendering [  0.00s] model RAW.stg_sellers [success]
10:27:39.937312 [debug]: Started analyzing model RAW.stg_sellers
10:27:39.937236 [debug]: Compiled SQL for node model.finalproject.stg_order_payments at target/.lsp/compiled/finalproject/models/staging/stg_order_payments.sql
10:27:39.937404 [debug]: Finished rendering [  0.00s] model RAW.stg_geolocation [success]
10:27:39.937442 [debug]: Started analyzing model RAW.stg_geolocation
10:27:39.937476 [debug]: Finished rendering [  0.00s] model RAW.stg_products [success]
10:27:39.937500 [debug]: Started analyzing model RAW.stg_products
10:27:39.937757 [debug]: Compiled SQL for node model.finalproject.stg_customers at target/.lsp/compiled/finalproject/models/staging/stg_customers.sql
10:27:39.938527 [debug]: Finished rendering [  0.00s] model RAW.stg_order_reviews [success]
10:27:39.938652 [debug]: Started analyzing model RAW.stg_order_reviews
10:27:39.938742 [debug]: Finished rendering [  0.00s] model RAW.stg_product_category_name_translation [success]
10:27:39.938741 [debug]: Started analyzing model RAW.stg_product_category_name_translation
10:27:39.938847 [debug]: Finished rendering [  0.00s] model RAW.stg_customers [success]
10:27:39.938872 [debug]: Started analyzing model RAW.stg_customers
10:27:39.938931 [debug]: Finished rendering [  0.00s] model RAW.stg_order_payments [success]
10:27:39.938948 [debug]: Started analyzing model RAW.stg_order_payments
10:27:39.940138 [debug]: Finished analyzing [  0.00s] model RAW.stg_sellers [success]
10:27:39.940205 [info ]:  Succeeded model RAW.stg_sellers (view) [1 of 12 in 0.01s]
10:27:39.940291 [debug]: Finished analyzing [  0.00s] model RAW.stg_product_category_name_translation [success]
10:27:39.940543 [info ]:  Succeeded model RAW.stg_product_category_name_translation (view) [2 of 12 in 0.01s]
10:27:39.940667 [debug]: Finished analyzing [  0.00s] model RAW.stg_order_reviews [success]
10:27:39.940693 [info ]:  Succeeded model RAW.stg_order_reviews (view) [4 of 12 in 0.01s]
10:27:39.940737 [debug]: Finished analyzing [  0.00s] model RAW.stg_orders [success]
10:27:39.941036 [info ]:  Succeeded model RAW.stg_orders (view) [3 of 12 in 0.01s]
10:27:39.941199 [debug]: Finished analyzing [  0.00s] model RAW.stg_products [success]
10:27:39.941229 [info ]:  Succeeded model RAW.stg_products (view) [7 of 12 in 0.01s]
10:27:39.941301 [debug]: Finished analyzing [  0.00s] model RAW.stg_customers [success]
10:27:39.941362 [info ]:  Succeeded model RAW.stg_customers (view) [9 of 12 in 0.01s]
10:27:39.941418 [info ]: Started model RAW.customer_locations
10:27:39.941445 [debug]: Started rendering model RAW.customer_locations
10:27:39.941952 [debug]: Compiled SQL for node model.finalproject.customer_locations at target/.lsp/compiled/finalproject/models/marts/customer_locations.sql
10:27:39.942011 [debug]: Finished analyzing [  0.00s] model RAW.stg_geolocation [success]
10:27:39.942121 [info ]:  Succeeded model RAW.stg_geolocation (view) [6 of 12 in 0.01s]
10:27:39.942370 [debug]: Finished analyzing [  0.01s] model RAW.stg_order_items [success]
10:27:39.942491 [info ]:  Succeeded model RAW.stg_order_items (view) [8 of 12 in 0.01s]
10:27:39.942580 [info ]: Started model RAW.int_order_products
10:27:39.942659 [debug]: Started rendering model RAW.int_order_products
10:27:39.942768 [debug]: Finished rendering [  0.00s] model RAW.customer_locations [success]
10:27:39.942852 [debug]: Started analyzing model RAW.customer_locations
10:27:39.942961 [debug]: Finished analyzing [  0.00s] model RAW.stg_order_payments [success]
10:27:39.943042 [info ]:  Succeeded model RAW.stg_order_payments (view) [5 of 12 in 0.01s]
10:27:39.943294 [debug]: Compiled SQL for node model.finalproject.int_order_products at target/.lsp/compiled/finalproject/models/intermediate/int_order_products.sql
10:27:39.943668 [debug]: Finished rendering [  0.00s] model RAW.int_order_products [success]
10:27:39.943789 [debug]: Started analyzing model RAW.int_order_products
10:27:39.945946 [debug]: Finished analyzing [  0.00s] model RAW.customer_locations [success]
10:27:39.946087 [info ]:  Succeeded model RAW.customer_locations (table) [10 of 12 in 0.00s]
10:27:39.947846 [debug]: Finished analyzing [  0.00s] model RAW.int_order_products [success]
10:27:39.947968 [info ]:  Succeeded model RAW.int_order_products (view) [11 of 12 in 0.00s]
10:27:39.948025 [info ]: Started model RAW.product_performance
10:27:39.948038 [debug]: Started rendering model RAW.product_performance
10:27:39.948509 [debug]: Compiled SQL for node model.finalproject.product_performance at target/.lsp/compiled/finalproject/models/marts/product_performance.sql
10:27:39.948791 [debug]: Finished rendering [  0.00s] model RAW.product_performance [success]
10:27:39.948889 [info ]: Finished rendering [  0.01s] (12 nodes, 0 skipped, 0 errors)
10:27:39.948945 [debug]: Started analyzing model RAW.product_performance
10:27:39.952137 [debug]: Finished analyzing [  0.00s] model RAW.product_performance [success]
10:27:39.952257 [info ]: Finished analyzing [  0.02s] (12 nodes, 0 skipped, 0 errors)
10:27:39.952278 [info ]:  Succeeded model RAW.product_performance (table) [12 of 12 in 0.00s]
10:27:39.962540 [info ]: Started scheduling
10:27:39.962763 [info ]: Finished scheduling [  0.00s]
10:27:39.962906 [info ]: 
==================== Execution Summary =====================
Finished 'compile' successfully for target 'dev' [91ms]
Processed: 12 models
Summary: 12 total | 12 success
10:27:39.963595 [info ]: Cached model count updated: 12 models (accurate)
==================== 2026-10-06T10:29:23.236550Z | b2ca9ade-541f-43a0-849f-e3ae050684e1 ====================
10:29:23.236855 [info ]: Started loading project
10:29:23.237780 [info ]: Loading ~/.dbt/profiles.yml
10:29:23.249450 [info ]: Finished loading project [  0.01s]
10:29:23.300699 [info ]: 
==================== Execution Summary =====================
Finished 'compile' successfully for target 'dev' [64ms]
10:29:23.301106 [info ]: Cached model count updated: 12 models (accurate)
==================== 2026-10-06T10:29:24.609459Z | fbfa09b4-7c2d-487d-b014-f6f51177464c ====================
10:29:24.609782 [info ]: Started loading project
10:29:24.610515 [info ]: Loading ~/.dbt/profiles.yml
10:29:24.617731 [info ]: Finished loading project [  0.01s]
10:29:24.663389 [info ]: Cached model count updated: 12 models (estimate)
10:29:24.663520 [info ]: Cached model count updated: 12 models (accurate)
10:29:24.663613 [info ]: Started scheduling
10:29:24.663910 [info ]: Finished scheduling [  0.00s]
10:29:24.663992 [debug]: Compilation - 12 nodes selected: {"model.finalproject.customer_locations", "model.finalproject.int_order_products", "model.finalproject.product_performance", "model.finalproject.stg_customers", "model.finalproject.stg_geolocation", "model.finalproject.stg_order_items", "model.finalproject.stg_order_payments", "model.finalproject.stg_order_reviews", "model.finalproject.stg_orders", "model.finalproject.stg_product_category_name_translation", "model.finalproject.stg_products", "model.finalproject.stg_sellers"}
10:29:24.668318 [info ]: Started building task graph
10:29:24.668628 [info ]: Finished building task graph [  0.00s]
10:29:24.670920 [info ]: Started rendering (12 nodes)
10:29:24.671052 [info ]: Started model RAW.stg_sellers
10:29:24.671074 [debug]: Started rendering model RAW.stg_sellers
10:29:24.671174 [info ]: Started model RAW.stg_product_category_name_translation
10:29:24.671193 [debug]: Started rendering model RAW.stg_product_category_name_translation
10:29:24.671216 [info ]: Started model RAW.stg_orders
10:29:24.671230 [debug]: Started rendering model RAW.stg_orders
10:29:24.671261 [info ]: Started model RAW.stg_order_reviews
10:29:24.671329 [debug]: Started rendering model RAW.stg_order_reviews
10:29:24.671367 [info ]: Started model RAW.stg_order_payments
10:29:24.671382 [debug]: Started rendering model RAW.stg_order_payments
10:29:24.671403 [info ]: Started model RAW.stg_geolocation
10:29:24.671412 [debug]: Started rendering model RAW.stg_geolocation
10:29:24.671427 [info ]: Started model RAW.stg_products
10:29:24.671435 [debug]: Started rendering model RAW.stg_products
10:29:24.671450 [info ]: Started model RAW.stg_order_items
10:29:24.671467 [debug]: Started rendering model RAW.stg_order_items
10:29:24.671500 [info ]: Started model RAW.stg_customers
10:29:24.671614 [debug]: Started rendering model RAW.stg_customers
10:29:24.673460 [debug]: Compiled SQL for node model.finalproject.stg_products at target/.lsp/compiled/finalproject/models/staging/stg_products.sql
10:29:24.673686 [debug]: Compiled SQL for node model.finalproject.stg_order_reviews at target/.lsp/compiled/finalproject/models/staging/stg_order_reviews.sql
10:29:24.673702 [debug]: Compiled SQL for node model.finalproject.stg_orders at target/.lsp/compiled/finalproject/models/staging/stg_orders.sql
10:29:24.673874 [debug]: Compiled SQL for node model.finalproject.stg_geolocation at target/.lsp/compiled/finalproject/models/staging/stg_geolocation.sql
10:29:24.673917 [debug]: Compiled SQL for node model.finalproject.stg_product_category_name_translation at target/.lsp/compiled/finalproject/models/staging/stg_product_category_name_translation.sql
10:29:24.674189 [debug]: Finished rendering [  0.00s] model RAW.stg_products [success]
10:29:24.674275 [info ]: Started analyzing (12 nodes)
10:29:24.674291 [debug]: Compiled SQL for node model.finalproject.stg_order_items at target/.lsp/compiled/finalproject/models/staging/stg_order_items.sql
10:29:24.674298 [debug]: Started analyzing model RAW.stg_products
10:29:24.674375 [debug]: Finished rendering [  0.00s] model RAW.stg_order_reviews [success]
10:29:24.674418 [debug]: Started analyzing model RAW.stg_order_reviews
10:29:24.674471 [debug]: Finished rendering [  0.00s] model RAW.stg_orders [success]
10:29:24.674507 [debug]: Started analyzing model RAW.stg_orders
10:29:24.674544 [debug]: Finished rendering [  0.00s] model RAW.stg_geolocation [success]
10:29:24.674563 [debug]: Started analyzing model RAW.stg_geolocation
10:29:24.674607 [debug]: Finished rendering [  0.00s] model RAW.stg_product_category_name_translation [success]
10:29:24.674640 [debug]: Started analyzing model RAW.stg_product_category_name_translation
10:29:24.674678 [debug]: Finished rendering [  0.00s] model RAW.stg_order_items [success]
10:29:24.674697 [debug]: Started analyzing model RAW.stg_order_items
10:29:24.674900 [debug]: Compiled SQL for node model.finalproject.stg_order_payments at target/.lsp/compiled/finalproject/models/staging/stg_order_payments.sql
10:29:24.675347 [debug]: Compiled SQL for node model.finalproject.stg_sellers at target/.lsp/compiled/finalproject/models/staging/stg_sellers.sql
10:29:24.675772 [debug]: Compiled SQL for node model.finalproject.stg_customers at target/.lsp/compiled/finalproject/models/staging/stg_customers.sql
10:29:24.675918 [debug]: Finished rendering [  0.00s] model RAW.stg_order_payments [success]
10:29:24.676061 [debug]: Started analyzing model RAW.stg_order_payments
10:29:24.677819 [debug]: Finished analyzing [  0.00s] model RAW.stg_order_payments [success]
10:29:24.677942 [info ]:  Succeeded model RAW.stg_order_payments (view) [5 of 12 in 0.01s]
10:29:24.678067 [debug]: Finished rendering [  0.01s] model RAW.stg_sellers [success]
10:29:24.678112 [debug]: Started analyzing model RAW.stg_sellers
10:29:24.678268 [debug]: Finished analyzing [  0.00s] model RAW.stg_products [success]
10:29:24.678825 [info ]:  Succeeded model RAW.stg_products (view) [7 of 12 in 0.01s]
10:29:24.679027 [debug]: Finished analyzing [  0.00s] model RAW.stg_geolocation [success]
10:29:24.679109 [info ]:  Succeeded model RAW.stg_geolocation (view) [6 of 12 in 0.01s]
10:29:24.679222 [debug]: Finished rendering [  0.01s] model RAW.stg_customers [success]
10:29:24.679315 [debug]: Started analyzing model RAW.stg_customers
10:29:24.679588 [debug]: Finished analyzing [  0.00s] model RAW.stg_sellers [success]
10:29:24.679620 [info ]:  Succeeded model RAW.stg_sellers (view) [1 of 12 in 0.01s]
10:29:24.680557 [debug]: Finished analyzing [  0.01s] model RAW.stg_order_items [success]
10:29:24.680623 [info ]:  Succeeded model RAW.stg_order_items (view) [8 of 12 in 0.01s]
10:29:24.680708 [info ]: Started model RAW.int_order_products
10:29:24.680731 [debug]: Started rendering model RAW.int_order_products
10:29:24.680784 [debug]: Finished analyzing [  0.01s] model RAW.stg_order_reviews [success]
10:29:24.680913 [info ]:  Succeeded model RAW.stg_order_reviews (view) [4 of 12 in 0.01s]
10:29:24.680966 [debug]: Finished analyzing [  0.00s] model RAW.stg_customers [success]
10:29:24.680989 [info ]:  Succeeded model RAW.stg_customers (view) [9 of 12 in 0.01s]
10:29:24.681026 [info ]: Started model RAW.customer_locations
10:29:24.681119 [debug]: Started rendering model RAW.customer_locations
10:29:24.681638 [debug]: Compiled SQL for node model.finalproject.int_order_products at target/.lsp/compiled/finalproject/models/intermediate/int_order_products.sql
10:29:24.681694 [debug]: Compiled SQL for node model.finalproject.customer_locations at target/.lsp/compiled/finalproject/models/marts/customer_locations.sql
10:29:24.681863 [debug]: Started analyzing model RAW.customer_locations
10:29:24.681937 [debug]: Finished rendering [  0.00s] model RAW.customer_locations [success]
10:29:24.682118 [debug]: Finished rendering [  0.00s] model RAW.int_order_products [success]
10:29:24.682174 [debug]: Started analyzing model RAW.int_order_products
10:29:24.683784 [debug]: Finished analyzing [  0.01s] model RAW.stg_product_category_name_translation [success]
10:29:24.684009 [info ]:  Succeeded model RAW.stg_product_category_name_translation (view) [2 of 12 in 0.01s]
10:29:24.684166 [debug]: Finished analyzing [  0.01s] model RAW.stg_orders [success]
10:29:24.684193 [info ]:  Succeeded model RAW.stg_orders (view) [3 of 12 in 0.01s]
10:29:24.687867 [debug]: Finished analyzing [  0.01s] model RAW.customer_locations [success]
10:29:24.688018 [info ]:  Succeeded model RAW.customer_locations (table) [11 of 12 in 0.01s]
10:29:24.688399 [debug]: Finished analyzing [  0.01s] model RAW.int_order_products [success]
10:29:24.688547 [info ]:  Succeeded model RAW.int_order_products (view) [10 of 12 in 0.01s]
10:29:24.688623 [info ]: Started model RAW.product_performance
10:29:24.688659 [debug]: Started rendering model RAW.product_performance
10:29:24.689388 [debug]: Compiled SQL for node model.finalproject.product_performance at target/.lsp/compiled/finalproject/models/marts/product_performance.sql
10:29:24.689894 [debug]: Finished rendering [  0.00s] model RAW.product_performance [success]
10:29:24.690009 [info ]: Finished rendering [  0.02s] (12 nodes, 0 skipped, 0 errors)
10:29:24.690068 [debug]: Started analyzing model RAW.product_performance
10:29:24.693785 [debug]: Finished analyzing [  0.00s] model RAW.product_performance [success]
10:29:24.693975 [info ]: Finished analyzing [  0.02s] (12 nodes, 0 skipped, 0 errors)
10:29:24.694016 [info ]:  Succeeded model RAW.product_performance (table) [12 of 12 in 0.00s]
10:29:24.706879 [info ]: Started scheduling
10:29:24.707141 [info ]: Finished scheduling [  0.00s]
10:29:24.707276 [info ]: 
==================== Execution Summary =====================
Finished 'compile' successfully for target 'dev' [97ms]
Processed: 12 models
Summary: 12 total | 12 success
10:29:24.707991 [info ]: Cached model count updated: 12 models (accurate)
==================== 2026-10-06T10:29:37.278438Z | 296b1e74-7ee8-43c0-8bb7-2be5120be904 ====================
10:29:37.280364 [info ]: Started loading project
10:29:37.282733 [info ]: Loading ~/.dbt/profiles.yml
10:29:37.292925 [info ]: Finished loading project [  0.01s]
10:29:37.381763 [info ]: 
==================== Execution Summary =====================
Finished 'compile' successfully for target 'dev' [103ms]
10:29:37.382084 [info ]: Cached model count updated: 12 models (accurate)
==================== 2026-10-06T10:29:38.692633Z | f799b03a-c9f6-421c-9a8e-b1ee41640bd8 ====================
10:29:38.693063 [info ]: Started loading project
10:29:38.694008 [info ]: Loading ~/.dbt/profiles.yml
10:29:38.704831 [info ]: Finished loading project [  0.01s]
10:29:38.752939 [info ]: Cached model count updated: 12 models (estimate)
10:29:38.753110 [info ]: Cached model count updated: 12 models (accurate)
10:29:38.753208 [info ]: Started scheduling
10:29:38.753588 [info ]: Finished scheduling [  0.00s]
10:29:38.753705 [debug]: Compilation - 12 nodes selected: {"model.finalproject.customer_locations", "model.finalproject.int_order_products", "model.finalproject.product_performance", "model.finalproject.stg_customers", "model.finalproject.stg_geolocation", "model.finalproject.stg_order_items", "model.finalproject.stg_order_payments", "model.finalproject.stg_order_reviews", "model.finalproject.stg_orders", "model.finalproject.stg_product_category_name_translation", "model.finalproject.stg_products", "model.finalproject.stg_sellers"}
10:29:38.757044 [info ]: Started building task graph
10:29:38.757864 [info ]: Finished building task graph [  0.00s]
10:29:38.759739 [info ]: Started rendering (12 nodes)
10:29:38.759863 [info ]: Started model RAW.stg_sellers
10:29:38.759883 [debug]: Started rendering model RAW.stg_sellers
10:29:38.759973 [info ]: Started model RAW.stg_product_category_name_translation
10:29:38.759988 [debug]: Started rendering model RAW.stg_product_category_name_translation
10:29:38.760015 [info ]: Started model RAW.stg_orders
10:29:38.760033 [debug]: Started rendering model RAW.stg_orders
10:29:38.760057 [info ]: Started model RAW.stg_order_reviews
10:29:38.760117 [debug]: Started rendering model RAW.stg_order_reviews
10:29:38.760150 [info ]: Started model RAW.stg_order_payments
10:29:38.760161 [debug]: Started rendering model RAW.stg_order_payments
10:29:38.760180 [info ]: Started model RAW.stg_geolocation
10:29:38.760190 [debug]: Started rendering model RAW.stg_geolocation
10:29:38.760223 [info ]: Started model RAW.stg_products
10:29:38.760250 [debug]: Started rendering model RAW.stg_products
10:29:38.760272 [info ]: Started model RAW.stg_order_items
10:29:38.760284 [debug]: Started rendering model RAW.stg_order_items
10:29:38.760316 [info ]: Started model RAW.stg_customers
10:29:38.760334 [debug]: Started rendering model RAW.stg_customers
10:29:38.761424 [debug]: Compiled SQL for node model.finalproject.stg_sellers at target/.lsp/compiled/finalproject/models/staging/stg_sellers.sql
10:29:38.761960 [debug]: Finished rendering [  0.00s] model RAW.stg_sellers [success]
10:29:38.762192 [info ]: Started analyzing (12 nodes)
10:29:38.762236 [debug]: Started analyzing model RAW.stg_sellers
10:29:38.762721 [debug]: Compiled SQL for node model.finalproject.stg_orders at target/.lsp/compiled/finalproject/models/staging/stg_orders.sql
10:29:38.762945 [debug]: Finished rendering [  0.00s] model RAW.stg_orders [success]
10:29:38.763031 [debug]: Started analyzing model RAW.stg_orders
10:29:38.763052 [debug]: Compiled SQL for node model.finalproject.stg_order_items at target/.lsp/compiled/finalproject/models/staging/stg_order_items.sql
10:29:38.763054 [debug]: Compiled SQL for node model.finalproject.stg_order_payments at target/.lsp/compiled/finalproject/models/staging/stg_order_payments.sql
10:29:38.763058 [debug]: Compiled SQL for node model.finalproject.stg_product_category_name_translation at target/.lsp/compiled/finalproject/models/staging/stg_product_category_name_translation.sql
10:29:38.763076 [debug]: Compiled SQL for node model.finalproject.stg_geolocation at target/.lsp/compiled/finalproject/models/staging/stg_geolocation.sql
10:29:38.763209 [debug]: Compiled SQL for node model.finalproject.stg_order_reviews at target/.lsp/compiled/finalproject/models/staging/stg_order_reviews.sql
10:29:38.763222 [debug]: Compiled SQL for node model.finalproject.stg_customers at target/.lsp/compiled/finalproject/models/staging/stg_customers.sql
10:29:38.763244 [debug]: Compiled SQL for node model.finalproject.stg_products at target/.lsp/compiled/finalproject/models/staging/stg_products.sql
10:29:38.764440 [debug]: Finished analyzing [  0.00s] model RAW.stg_sellers [success]
10:29:38.764564 [info ]:  Succeeded model RAW.stg_sellers (view) [1 of 12 in 0.00s]
10:29:38.764634 [debug]: Finished analyzing [  0.00s] model RAW.stg_orders [success]
10:29:38.764645 [info ]:  Succeeded model RAW.stg_orders (view) [3 of 12 in 0.00s]
10:29:38.764678 [debug]: Finished rendering [  0.00s] model RAW.stg_product_category_name_translation [success]
10:29:38.764714 [debug]: Started analyzing model RAW.stg_product_category_name_translation
10:29:38.764773 [debug]: Finished rendering [  0.00s] model RAW.stg_order_payments [success]
10:29:38.764794 [debug]: Started analyzing model RAW.stg_order_payments
10:29:38.764904 [debug]: Finished rendering [  0.00s] model RAW.stg_order_items [success]
10:29:38.764984 [debug]: Started analyzing model RAW.stg_order_items
10:29:38.765033 [debug]: Finished rendering [  0.00s] model RAW.stg_geolocation [success]
10:29:38.765050 [debug]: Started analyzing model RAW.stg_geolocation
10:29:38.765073 [debug]: Finished rendering [  0.00s] model RAW.stg_order_reviews [success]
10:29:38.765098 [debug]: Started analyzing model RAW.stg_order_reviews
10:29:38.765633 [debug]: Finished rendering [  0.01s] model RAW.stg_customers [success]
10:29:38.765768 [debug]: Started analyzing model RAW.stg_customers
10:29:38.765832 [debug]: Finished rendering [  0.01s] model RAW.stg_products [success]
10:29:38.765854 [debug]: Started analyzing model RAW.stg_products
10:29:38.767064 [debug]: Finished analyzing [  0.00s] model RAW.stg_product_category_name_translation [success]
10:29:38.767243 [info ]:  Succeeded model RAW.stg_product_category_name_translation (view) [2 of 12 in 0.01s]
10:29:38.767339 [debug]: Finished analyzing [  0.00s] model RAW.stg_order_payments [success]
10:29:38.767364 [info ]:  Succeeded model RAW.stg_order_payments (view) [5 of 12 in 0.01s]
10:29:38.767427 [debug]: Finished analyzing [  0.00s] model RAW.stg_geolocation [success]
10:29:38.767521 [info ]:  Succeeded model RAW.stg_geolocation (view) [6 of 12 in 0.01s]
10:29:38.767823 [debug]: Finished analyzing [  0.00s] model RAW.stg_products [success]
10:29:38.767950 [info ]:  Succeeded model RAW.stg_products (view) [7 of 12 in 0.01s]
10:29:38.769748 [debug]: Finished analyzing [  0.00s] model RAW.stg_customers [success]
10:29:38.769905 [info ]:  Succeeded model RAW.stg_customers (view) [9 of 12 in 0.01s]
10:29:38.769997 [info ]: Started model RAW.customer_locations
10:29:38.770030 [debug]: Started rendering model RAW.customer_locations
10:29:38.770172 [debug]: Finished analyzing [  0.01s] model RAW.stg_order_items [success]
10:29:38.770266 [info ]:  Succeeded model RAW.stg_order_items (view) [8 of 12 in 0.01s]
10:29:38.770342 [info ]: Started model RAW.int_order_products
10:29:38.770367 [debug]: Started rendering model RAW.int_order_products
10:29:38.770531 [debug]: Finished analyzing [  0.01s] model RAW.stg_order_reviews [success]
10:29:38.770615 [info ]:  Succeeded model RAW.stg_order_reviews (view) [4 of 12 in 0.01s]
10:29:38.770758 [debug]: Compiled SQL for node model.finalproject.customer_locations at target/.lsp/compiled/finalproject/models/marts/customer_locations.sql
10:29:38.771176 [debug]: Finished rendering [  0.00s] model RAW.customer_locations [success]
10:29:38.771247 [debug]: Compiled SQL for node model.finalproject.int_order_products at target/.lsp/compiled/finalproject/models/intermediate/int_order_products.sql
10:29:38.771369 [debug]: Started analyzing model RAW.customer_locations
10:29:38.771665 [debug]: Finished rendering [  0.00s] model RAW.int_order_products [success]
10:29:38.771824 [debug]: Started analyzing model RAW.int_order_products
10:29:38.776545 [debug]: Finished analyzing [  0.01s] model RAW.customer_locations [success]
10:29:38.776719 [info ]:  Succeeded model RAW.customer_locations (table) [10 of 12 in 0.01s]
10:29:38.781854 [debug]: Finished analyzing [  0.01s] model RAW.int_order_products [success]
10:29:38.781998 [info ]:  Succeeded model RAW.int_order_products (view) [11 of 12 in 0.01s]
10:29:38.782080 [info ]: Started model RAW.product_performance
10:29:38.782101 [debug]: Started rendering model RAW.product_performance
10:29:38.782703 [debug]: Compiled SQL for node model.finalproject.product_performance at target/.lsp/compiled/finalproject/models/marts/product_performance.sql
10:29:38.783124 [debug]: Finished rendering [  0.00s] model RAW.product_performance [success]
10:29:38.783214 [info ]: Finished rendering [  0.02s] (12 nodes, 0 skipped, 0 errors)
10:29:38.783264 [debug]: Started analyzing model RAW.product_performance
10:29:38.786567 [debug]: Finished analyzing [  0.00s] model RAW.product_performance [success]
10:29:38.786735 [info ]: Finished analyzing [  0.02s] (12 nodes, 0 skipped, 0 errors)
10:29:38.786761 [info ]:  Succeeded model RAW.product_performance (table) [12 of 12 in 0.00s]
10:29:38.801069 [info ]: Started scheduling
10:29:38.801506 [info ]: Finished scheduling [  0.00s]
10:29:38.801666 [info ]: 
==================== Execution Summary =====================
Finished 'compile' successfully for target 'dev' [109ms]
Processed: 12 models
Summary: 12 total | 12 success
10:29:38.802606 [info ]: Cached model count updated: 12 models (accurate)
==================== 2026-10-06T10:30:08.429082Z | 9281b75c-f2c3-40e0-9c93-463d037cafe6 ====================
10:30:08.429473 [info ]: Started loading project
10:30:08.430211 [info ]: Loading ~/.dbt/profiles.yml
10:30:08.436190 [info ]: Finished loading project [  0.01s]
10:30:08.485112 [info ]: 
==================== Execution Summary =====================
Finished 'compile' successfully for target 'dev' [56ms]
10:30:08.485468 [info ]: Cached model count updated: 12 models (accurate)
==================== 2026-10-06T10:30:09.788482Z | 154aaffa-0fd0-4fd1-8f35-775e17b65472 ====================
10:30:09.788683 [info ]: Started loading project
10:30:09.789115 [info ]: Loading ~/.dbt/profiles.yml
10:30:09.795959 [info ]: Finished loading project [  0.01s]
10:30:09.834255 [info ]: Cached model count updated: 12 models (estimate)
10:30:09.834432 [info ]: Cached model count updated: 12 models (accurate)
10:30:09.834566 [info ]: Started scheduling
10:30:09.834980 [info ]: Finished scheduling [  0.00s]
10:30:09.835113 [debug]: Compilation - 12 nodes selected: {"model.finalproject.customer_locations", "model.finalproject.int_order_products", "model.finalproject.product_performance", "model.finalproject.stg_customers", "model.finalproject.stg_geolocation", "model.finalproject.stg_order_items", "model.finalproject.stg_order_payments", "model.finalproject.stg_order_reviews", "model.finalproject.stg_orders", "model.finalproject.stg_product_category_name_translation", "model.finalproject.stg_products", "model.finalproject.stg_sellers"}
10:30:09.840564 [info ]: Started building task graph
10:30:09.841057 [info ]: Finished building task graph [  0.00s]
10:30:09.843189 [info ]: Started rendering (12 nodes)
10:30:09.843303 [info ]: Started model RAW.stg_sellers
10:30:09.843323 [debug]: Started rendering model RAW.stg_sellers
10:30:09.843404 [info ]: Started model RAW.stg_product_category_name_translation
10:30:09.843420 [debug]: Started rendering model RAW.stg_product_category_name_translation
10:30:09.843438 [info ]: Started model RAW.stg_orders
10:30:09.843445 [debug]: Started rendering model RAW.stg_orders
10:30:09.843457 [info ]: Started model RAW.stg_order_reviews
10:30:09.843464 [debug]: Started rendering model RAW.stg_order_reviews
10:30:09.843478 [info ]: Started model RAW.stg_order_payments
10:30:09.843486 [debug]: Started rendering model RAW.stg_order_payments
10:30:09.843498 [info ]: Started model RAW.stg_geolocation
10:30:09.843506 [debug]: Started rendering model RAW.stg_geolocation
10:30:09.843518 [info ]: Started model RAW.stg_products
10:30:09.843525 [debug]: Started rendering model RAW.stg_products
10:30:09.843536 [info ]: Started model RAW.stg_order_items
10:30:09.843544 [debug]: Started rendering model RAW.stg_order_items
10:30:09.843557 [info ]: Started model RAW.stg_customers
10:30:09.843564 [debug]: Started rendering model RAW.stg_customers
10:30:09.844735 [debug]: Compiled SQL for node model.finalproject.stg_orders at target/.lsp/compiled/finalproject/models/staging/stg_orders.sql
10:30:09.845380 [debug]: Finished rendering [  0.00s] model RAW.stg_orders [success]
10:30:09.845552 [info ]: Started analyzing (12 nodes)
10:30:09.845594 [debug]: Started analyzing model RAW.stg_orders
10:30:09.845977 [debug]: Compiled SQL for node model.finalproject.stg_products at target/.lsp/compiled/finalproject/models/staging/stg_products.sql
10:30:09.846108 [debug]: Compiled SQL for node model.finalproject.stg_sellers at target/.lsp/compiled/finalproject/models/staging/stg_sellers.sql
10:30:09.846363 [debug]: Compiled SQL for node model.finalproject.stg_order_items at target/.lsp/compiled/finalproject/models/staging/stg_order_items.sql
10:30:09.846363 [debug]: Compiled SQL for node model.finalproject.stg_geolocation at target/.lsp/compiled/finalproject/models/staging/stg_geolocation.sql
10:30:09.846701 [debug]: Finished rendering [  0.00s] model RAW.stg_sellers [success]
10:30:09.846824 [debug]: Started analyzing model RAW.stg_sellers
10:30:09.846926 [debug]: Finished rendering [  0.00s] model RAW.stg_products [success]
10:30:09.846955 [debug]: Started analyzing model RAW.stg_products
10:30:09.847131 [debug]: Compiled SQL for node model.finalproject.stg_order_reviews at target/.lsp/compiled/finalproject/models/staging/stg_order_reviews.sql
10:30:09.847162 [debug]: Compiled SQL for node model.finalproject.stg_product_category_name_translation at target/.lsp/compiled/finalproject/models/staging/stg_product_category_name_translation.sql
10:30:09.847533 [debug]: Finished rendering [  0.00s] model RAW.stg_geolocation [success]
10:30:09.848010 [debug]: Started analyzing model RAW.stg_geolocation
10:30:09.848069 [debug]: Compiled SQL for node model.finalproject.stg_customers at target/.lsp/compiled/finalproject/models/staging/stg_customers.sql
10:30:09.848133 [debug]: Finished rendering [  0.00s] model RAW.stg_order_reviews [success]
10:30:09.848181 [debug]: Started analyzing model RAW.stg_order_reviews
10:30:09.848215 [debug]: Finished rendering [  0.00s] model RAW.stg_product_category_name_translation [success]
10:30:09.848242 [debug]: Started analyzing model RAW.stg_product_category_name_translation
10:30:09.848274 [debug]: Finished rendering [  0.00s] model RAW.stg_order_items [success]
10:30:09.848286 [debug]: Compiled SQL for node model.finalproject.stg_order_payments at target/.lsp/compiled/finalproject/models/staging/stg_order_payments.sql
10:30:09.848295 [debug]: Started analyzing model RAW.stg_order_items
10:30:09.848336 [debug]: Finished analyzing [  0.00s] model RAW.stg_orders [success]
10:30:09.848360 [info ]:  Succeeded model RAW.stg_orders (view) [3 of 12 in 0.00s]
10:30:09.849011 [debug]: Finished analyzing [  0.00s] model RAW.stg_sellers [success]
10:30:09.849075 [info ]:  Succeeded model RAW.stg_sellers (view) [1 of 12 in 0.00s]
10:30:09.849134 [debug]: Finished analyzing [  0.00s] model RAW.stg_products [success]
10:30:09.849148 [info ]:  Succeeded model RAW.stg_products (view) [7 of 12 in 0.01s]
10:30:09.852425 [debug]: Finished rendering [  0.01s] model RAW.stg_customers [success]
10:30:09.852488 [debug]: Started analyzing model RAW.stg_customers
10:30:09.852536 [debug]: Finished analyzing [  0.00s] model RAW.stg_geolocation [success]
10:30:09.852552 [info ]:  Succeeded model RAW.stg_geolocation (view) [6 of 12 in 0.01s]
10:30:09.852591 [debug]: Finished rendering [  0.01s] model RAW.stg_order_payments [success]
10:30:09.852607 [debug]: Started analyzing model RAW.stg_order_payments
10:30:09.852637 [debug]: Finished analyzing [  0.00s] model RAW.stg_order_reviews [success]
10:30:09.852648 [info ]:  Succeeded model RAW.stg_order_reviews (view) [4 of 12 in 0.01s]
10:30:09.852676 [debug]: Finished analyzing [  0.00s] model RAW.stg_product_category_name_translation [success]
10:30:09.852694 [info ]:  Succeeded model RAW.stg_product_category_name_translation (view) [2 of 12 in 0.01s]
10:30:09.852715 [debug]: Finished analyzing [  0.00s] model RAW.stg_order_items [success]
10:30:09.852730 [info ]:  Succeeded model RAW.stg_order_items (view) [8 of 12 in 0.01s]
10:30:09.852759 [info ]: Started model RAW.int_order_products
10:30:09.852768 [debug]: Started rendering model RAW.int_order_products
10:30:09.854164 [debug]: Compiled SQL for node model.finalproject.int_order_products at target/.lsp/compiled/finalproject/models/intermediate/int_order_products.sql
10:30:09.854274 [debug]: Finished analyzing [  0.00s] model RAW.stg_customers [success]
10:30:09.854393 [info ]:  Succeeded model RAW.stg_customers (view) [9 of 12 in 0.01s]
10:30:09.854496 [info ]: Started model RAW.customer_locations
10:30:09.854648 [debug]: Started rendering model RAW.customer_locations
10:30:09.854741 [debug]: Finished rendering [  0.00s] model RAW.int_order_products [success]
10:30:09.854778 [debug]: Started analyzing model RAW.int_order_products
10:30:09.854811 [debug]: Finished analyzing [  0.00s] model RAW.stg_order_payments [success]
10:30:09.854823 [info ]:  Succeeded model RAW.stg_order_payments (view) [5 of 12 in 0.01s]
10:30:09.855336 [debug]: Compiled SQL for node model.finalproject.customer_locations at target/.lsp/compiled/finalproject/models/marts/customer_locations.sql
10:30:09.855736 [debug]: Finished rendering [  0.00s] model RAW.customer_locations [success]
10:30:09.855827 [debug]: Started analyzing model RAW.customer_locations
10:30:09.859445 [debug]: Finished analyzing [  0.00s] model RAW.customer_locations [success]
10:30:09.859512 [info ]:  Succeeded model RAW.customer_locations (table) [11 of 12 in 0.00s]
10:30:09.860882 [debug]: Finished analyzing [  0.01s] model RAW.int_order_products [success]
10:30:09.860952 [info ]:  Succeeded model RAW.int_order_products (view) [10 of 12 in 0.01s]
10:30:09.861024 [info ]: Started model RAW.product_performance
10:30:09.861045 [debug]: Started rendering model RAW.product_performance
10:30:09.861797 [debug]: Compiled SQL for node model.finalproject.product_performance at target/.lsp/compiled/finalproject/models/marts/product_performance.sql
10:30:09.862109 [debug]: Finished rendering [  0.00s] model RAW.product_performance [success]
10:30:09.862150 [info ]: Finished rendering [  0.02s] (12 nodes, 0 skipped, 0 errors)
10:30:09.862208 [debug]: Started analyzing model RAW.product_performance
10:30:09.864670 [debug]: Finished analyzing [  0.00s] model RAW.product_performance [success]
10:30:09.864721 [info ]: Finished analyzing [  0.02s] (12 nodes, 0 skipped, 0 errors)
10:30:09.864746 [info ]:  Succeeded model RAW.product_performance (table) [12 of 12 in 0.00s]
10:30:09.883481 [info ]: Started scheduling
10:30:09.883756 [info ]: Finished scheduling [  0.00s]
10:30:09.883916 [info ]: 
==================== Execution Summary =====================
Finished 'compile' successfully for target 'dev' [95ms]
Processed: 12 models
Summary: 12 total | 12 success
10:30:09.884768 [info ]: Cached model count updated: 12 models (accurate)
==================== 2026-10-06T10:30:24.392997Z | c5845f50-11ef-42fe-b830-721c3d834913 ====================
10:30:24.393340 [info ]: Started loading project
10:30:24.394599 [info ]: Loading ~/.dbt/profiles.yml
10:30:24.401166 [info ]: Finished loading project [  0.01s]
10:30:24.453807 [info ]: 
==================== Execution Summary =====================
Finished 'compile' successfully for target 'dev' [60ms]
10:30:24.454055 [info ]: Cached model count updated: 12 models (accurate)
==================== 2026-10-06T10:30:25.765021Z | c9d63b34-1447-40c4-90a8-825a3bb65f39 ====================
10:30:25.765224 [info ]: Started loading project
10:30:25.766101 [info ]: Loading ~/.dbt/profiles.yml
10:30:25.777680 [info ]: Finished loading project [  0.01s]
10:30:25.830428 [info ]: Cached model count updated: 12 models (estimate)
10:30:25.830533 [info ]: Cached model count updated: 12 models (accurate)
10:30:25.830649 [info ]: Started scheduling
10:30:25.831131 [info ]: Finished scheduling [  0.00s]
10:30:25.831252 [debug]: Compilation - 12 nodes selected: {"model.finalproject.customer_locations", "model.finalproject.int_order_products", "model.finalproject.product_performance", "model.finalproject.stg_customers", "model.finalproject.stg_geolocation", "model.finalproject.stg_order_items", "model.finalproject.stg_order_payments", "model.finalproject.stg_order_reviews", "model.finalproject.stg_orders", "model.finalproject.stg_product_category_name_translation", "model.finalproject.stg_products", "model.finalproject.stg_sellers"}
10:30:25.835176 [info ]: Started building task graph
10:30:25.835485 [info ]: Finished building task graph [  0.00s]
10:30:25.837712 [info ]: Started rendering (12 nodes)
10:30:25.837855 [info ]: Started model RAW.stg_sellers
10:30:25.837879 [debug]: Started rendering model RAW.stg_sellers
10:30:25.837991 [info ]: Started model RAW.stg_product_category_name_translation
10:30:25.838010 [debug]: Started rendering model RAW.stg_product_category_name_translation
10:30:25.838037 [info ]: Started model RAW.stg_orders
10:30:25.838126 [debug]: Started rendering model RAW.stg_orders
10:30:25.838157 [info ]: Started model RAW.stg_order_reviews
10:30:25.838175 [debug]: Started rendering model RAW.stg_order_reviews
10:30:25.838210 [info ]: Started model RAW.stg_order_payments
10:30:25.839253 [debug]: Compiled SQL for node model.finalproject.stg_product_category_name_translation at target/.lsp/compiled/finalproject/models/staging/stg_product_category_name_translation.sql
10:30:25.839253 [debug]: Compiled SQL for node model.finalproject.stg_sellers at target/.lsp/compiled/finalproject/models/staging/stg_sellers.sql
10:30:25.839558 [debug]: Compiled SQL for node model.finalproject.stg_orders at target/.lsp/compiled/finalproject/models/staging/stg_orders.sql
10:30:25.840435 [debug]: Started rendering model RAW.stg_order_payments
10:30:25.840655 [debug]: Compiled SQL for node model.finalproject.stg_order_reviews at target/.lsp/compiled/finalproject/models/staging/stg_order_reviews.sql
10:30:25.841109 [info ]: Started model RAW.stg_geolocation
10:30:25.841549 [debug]: Started rendering model RAW.stg_geolocation
10:30:25.841733 [info ]: Started model RAW.stg_products
10:30:25.841851 [debug]: Compiled SQL for node model.finalproject.stg_order_payments at target/.lsp/compiled/finalproject/models/staging/stg_order_payments.sql
10:30:25.841861 [debug]: Started rendering model RAW.stg_products
10:30:25.841970 [info ]: Started model RAW.stg_order_items
10:30:25.842001 [debug]: Started rendering model RAW.stg_order_items
10:30:25.842033 [info ]: Started model RAW.stg_customers
10:30:25.842092 [debug]: Started rendering model RAW.stg_customers
10:30:25.842160 [debug]: Finished rendering [  0.00s] model RAW.stg_sellers [success]
10:30:25.842178 [debug]: Compiled SQL for node model.finalproject.stg_geolocation at target/.lsp/compiled/finalproject/models/staging/stg_geolocation.sql
10:30:25.842351 [info ]: Started analyzing (12 nodes)
10:30:25.842430 [debug]: Started analyzing model RAW.stg_sellers
10:30:25.842500 [debug]: Finished rendering [  0.00s] model RAW.stg_orders [success]
10:30:25.842539 [debug]: Compiled SQL for node model.finalproject.stg_products at target/.lsp/compiled/finalproject/models/staging/stg_products.sql
10:30:25.842547 [debug]: Compiled SQL for node model.finalproject.stg_order_items at target/.lsp/compiled/finalproject/models/staging/stg_order_items.sql
10:30:25.842615 [debug]: Started analyzing model RAW.stg_orders
10:30:25.842657 [debug]: Finished rendering [  0.00s] model RAW.stg_product_category_name_translation [success]
10:30:25.842734 [debug]: Started analyzing model RAW.stg_product_category_name_translation
10:30:25.842773 [debug]: Finished rendering [  0.00s] model RAW.stg_order_reviews [success]
10:30:25.842789 [debug]: Compiled SQL for node model.finalproject.stg_customers at target/.lsp/compiled/finalproject/models/staging/stg_customers.sql
10:30:25.842888 [debug]: Started analyzing model RAW.stg_order_reviews
10:30:25.842928 [debug]: Finished rendering [  0.00s] model RAW.stg_order_payments [success]
10:30:25.842955 [debug]: Started analyzing model RAW.stg_order_payments
10:30:25.842977 [debug]: Finished rendering [  0.00s] model RAW.stg_geolocation [success]
10:30:25.843047 [debug]: Started analyzing model RAW.stg_geolocation
10:30:25.844808 [debug]: Finished analyzing [  0.00s] model RAW.stg_sellers [success]
10:30:25.845053 [info ]:  Succeeded model RAW.stg_sellers (view) [1 of 12 in 0.01s]
10:30:25.845162 [debug]: Finished rendering [  0.00s] model RAW.stg_products [success]
10:30:25.845251 [debug]: Started analyzing model RAW.stg_products
10:30:25.847333 [debug]: Finished analyzing [  0.00s] model RAW.stg_orders [success]
10:30:25.847505 [info ]:  Succeeded model RAW.stg_orders (view) [3 of 12 in 0.01s]
10:30:25.847685 [debug]: Finished rendering [  0.01s] model RAW.stg_customers [success]
10:30:25.847796 [debug]: Started analyzing model RAW.stg_customers
10:30:25.848003 [debug]: Finished rendering [  0.01s] model RAW.stg_order_items [success]
10:30:25.848095 [debug]: Started analyzing model RAW.stg_order_items
10:30:25.848168 [debug]: Finished analyzing [  0.01s] model RAW.stg_product_category_name_translation [success]
10:30:25.848306 [info ]:  Succeeded model RAW.stg_product_category_name_translation (view) [2 of 12 in 0.01s]
10:30:25.848453 [debug]: Finished analyzing [  0.01s] model RAW.stg_order_payments [success]
10:30:25.848521 [info ]:  Succeeded model RAW.stg_order_payments (view) [5 of 12 in 0.01s]
10:30:25.848575 [debug]: Finished analyzing [  0.01s] model RAW.stg_order_reviews [success]
10:30:25.848596 [info ]:  Succeeded model RAW.stg_order_reviews (view) [4 of 12 in 0.01s]
10:30:25.848628 [debug]: Finished analyzing [  0.00s] model RAW.stg_products [success]
10:30:25.848651 [info ]:  Succeeded model RAW.stg_products (view) [7 of 12 in 0.01s]
10:30:25.848858 [debug]: Finished analyzing [  0.01s] model RAW.stg_geolocation [success]
10:30:25.849072 [info ]:  Succeeded model RAW.stg_geolocation (view) [6 of 12 in 0.01s]
10:30:25.850416 [debug]: Finished analyzing [  0.00s] model RAW.stg_customers [success]
10:30:25.850608 [info ]:  Succeeded model RAW.stg_customers (view) [9 of 12 in 0.01s]
10:30:25.850733 [info ]: Started model RAW.customer_locations
10:30:25.850794 [debug]: Started rendering model RAW.customer_locations
10:30:25.851015 [debug]: Finished analyzing [  0.00s] model RAW.stg_order_items [success]
10:30:25.851129 [info ]:  Succeeded model RAW.stg_order_items (view) [8 of 12 in 0.01s]
10:30:25.851265 [info ]: Started model RAW.int_order_products
10:30:25.851334 [debug]: Started rendering model RAW.int_order_products
10:30:25.851854 [debug]: Compiled SQL for node model.finalproject.int_order_products at target/.lsp/compiled/finalproject/models/intermediate/int_order_products.sql
10:30:25.851856 [debug]: Compiled SQL for node model.finalproject.customer_locations at target/.lsp/compiled/finalproject/models/marts/customer_locations.sql
10:30:25.852400 [debug]: Finished rendering [  0.00s] model RAW.int_order_products [success]
10:30:25.852631 [debug]: Started analyzing model RAW.int_order_products
10:30:25.852795 [debug]: Finished rendering [  0.00s] model RAW.customer_locations [success]
10:30:25.852960 [debug]: Started analyzing model RAW.customer_locations
10:30:25.855981 [debug]: Finished analyzing [  0.00s] model RAW.customer_locations [success]
10:30:25.856199 [info ]:  Succeeded model RAW.customer_locations (table) [10 of 12 in 0.00s]
10:30:25.858981 [debug]: Finished analyzing [  0.01s] model RAW.int_order_products [success]
10:30:25.859126 [info ]:  Succeeded model RAW.int_order_products (view) [11 of 12 in 0.01s]
10:30:25.859228 [info ]: Started model RAW.product_performance
10:30:25.859255 [debug]: Started rendering model RAW.product_performance
10:30:25.859914 [debug]: Compiled SQL for node model.finalproject.product_performance at target/.lsp/compiled/finalproject/models/marts/product_performance.sql
10:30:25.860364 [debug]: Finished rendering [  0.00s] model RAW.product_performance [success]
10:30:25.860493 [info ]: Finished rendering [  0.02s] (12 nodes, 0 skipped, 0 errors)
10:30:25.860560 [debug]: Started analyzing model RAW.product_performance
10:30:25.864853 [debug]: Finished analyzing [  0.00s] model RAW.product_performance [success]
10:30:25.865083 [info ]: Finished analyzing [  0.02s] (12 nodes, 0 skipped, 0 errors)
10:30:25.865135 [info ]:  Succeeded model RAW.product_performance (table) [12 of 12 in 0.01s]
10:30:25.897113 [info ]: Started scheduling
10:30:25.897504 [info ]: Finished scheduling [  0.00s]
10:30:25.897675 [info ]: 
==================== Execution Summary =====================
Finished 'compile' successfully for target 'dev' [132ms]
Processed: 12 models
Summary: 12 total | 12 success
10:30:25.898275 [info ]: Cached model count updated: 12 models (accurate)
10:36:02.756383 [debug]: Ignoring unsupported LSP notification
==================== 2026-10-06T10:36:19.740667Z | 00000000-0000-0000-0000-000000000000 ====================
==================== 2026-10-06T10:36:19.743496Z | 2aff9437-8af0-4a93-8464-fd2aa119700c ====================
10:36:19.743747 [info ]: Starting dbt LSP server
10:36:19.743861 [info ]: Connecting to LSP client on port 8000
10:36:19.744974 [info ]: Successfully connected to LSP client
10:36:19.745133 [info ]: Creating LSP service...
10:36:19.749962 [info ]: Creating LSP server...
10:36:19.750059 [info ]: Starting LSP server...
10:36:20.194281 [info ]: Loading ~/.dbt/profiles.yml
==================== 2026-10-06T10:36:20.528486Z | 4b8f3399-0a3d-40c0-965e-e6562d3db048 ====================
10:36:20.529549 [info ]: Started loading project
10:36:20.533962 [info ]: Loading ~/.dbt/profiles.yml
10:36:20.580138 [debug]:    Started loading packages
10:36:20.584316 [debug]:     Loaded [  0.00s] packages
10:36:20.592160 [info ]: Finished loading project [  0.06s]
10:36:20.597001 [info ]: Started parsing
10:36:20.673744 [debug]: Ignoring unsupported LSP notification
10:36:20.837649 [debug]: Finished parsing models/intermediate/int_order_products.yml [  0.01s]
10:36:20.838843 [debug]: Finished parsing models/marts/customer_locations.yml [  0.00s]
10:36:20.840304 [debug]: Finished parsing models/marts/product_performance.yml [  0.00s]
10:36:20.842700 [debug]: Finished parsing models/staging/__sources.yml [  0.00s]
10:36:20.844039 [debug]: Finished parsing models/staging/stg_customers.yml [  0.00s]
10:36:20.845103 [debug]: Finished parsing models/staging/stg_geolocation.yml [  0.00s]
10:36:20.846777 [debug]: Finished parsing models/staging/stg_order_items.yml [  0.00s]
10:36:20.848023 [debug]: Finished parsing models/staging/stg_order_payments.yml [  0.00s]
10:36:20.849161 [debug]: Finished parsing models/staging/stg_order_reviews.yml [  0.00s]
10:36:20.850558 [debug]: Finished parsing models/staging/stg_orders.yml [  0.00s]
10:36:20.851722 [debug]: Finished parsing models/staging/stg_product_category_name_translation.yml [  0.00s]
10:36:20.852849 [debug]: Finished parsing models/staging/stg_products.yml [  0.00s]
10:36:20.854219 [debug]: Finished parsing models/staging/stg_sellers.yml [  0.00s]
10:36:20.915157 [debug]: Finished parsing models/intermediate/int_order_products.sql [  0.04s]
10:36:20.917365 [debug]: Finished parsing models/marts/customer_locations.sql [  0.00s]
10:36:20.919561 [debug]: Finished parsing models/marts/product_performance.sql [  0.00s]
10:36:20.922864 [debug]: Finished parsing models/staging/stg_customers.sql [  0.00s]
10:36:20.925355 [debug]: Finished parsing models/staging/stg_geolocation.sql [  0.00s]
10:36:20.927455 [debug]: Finished parsing models/staging/stg_order_items.sql [  0.00s]
10:36:20.929721 [debug]: Finished parsing models/staging/stg_order_payments.sql [  0.00s]
10:36:20.932473 [debug]: Finished parsing models/staging/stg_order_reviews.sql [  0.00s]
10:36:20.934820 [debug]: Finished parsing models/staging/stg_orders.sql [  0.00s]
10:36:20.937138 [debug]: Finished parsing models/staging/stg_product_category_name_translation.sql [  0.00s]
10:36:20.939444 [debug]: Finished parsing models/staging/stg_products.sql [  0.00s]
10:36:20.942476 [debug]: Finished parsing models/staging/stg_sellers.sql [  0.00s]
10:36:21.278525 [info ]: Finished parsing [  0.68s]
10:36:21.283972 [info ]: Cached model count updated: 12 models (estimate)
10:36:21.284085 [info ]: Cached model count updated: 12 models (accurate)
10:36:21.285310 [info ]: Started scheduling
10:36:21.287744 [info ]: Finished scheduling [  0.00s]
10:36:21.288086 [debug]: Compilation - 0 nodes selected: {}
10:36:21.289899 [warn ]: [NoNodesForSelectionCriteria (dbt1092)]: The selection criterion '' does not match any enabled nodes
10:36:21.290282 [warn ]: [NoNodesSelected (dbt1601)]: Nothing to do. Try checking your model configs and model specification args
10:36:21.290522 [info ]: Started scheduling
10:36:21.291657 [info ]: Finished scheduling [  0.00s]
10:36:21.314071 [debug]: Initializing schema store with entry: Frontier(CanonicalFqn { catalog: "FINALPROJECT1", schema: "RAW", table: "OLIST_ORDER_PAYMENTS_DATASET" }) and interval: None
10:36:21.315532 [debug]: Initializing schema store with entry: Frontier(CanonicalFqn { catalog: "FINALPROJECT1", schema: "RAW", table: "OLIST_CUSTOMER_DATASET" }) and interval: None
10:36:21.315635 [debug]: Initializing schema store with entry: Frontier(CanonicalFqn { catalog: "FINALPROJECT1", schema: "RAW", table: "OLIST_ORDER_ITEMS_DATASET" }) and interval: None
10:36:21.315689 [debug]: Initializing schema store with entry: Frontier(CanonicalFqn { catalog: "FINALPROJECT1", schema: "RAW", table: "OLIST_ORDERS_DATASET" }) and interval: None
10:36:21.315786 [debug]: Initializing schema store with entry: Frontier(CanonicalFqn { catalog: "FINALPROJECT1", schema: "RAW", table: "OLIST_SELLERS_DATASET" }) and interval: None
10:36:21.315874 [debug]: Initializing schema store with entry: Frontier(CanonicalFqn { catalog: "FINALPROJECT1", schema: "RAW", table: "OLIST_ORDER_REVIEWS_DATASET" }) and interval: None
10:36:21.315937 [debug]: Initializing schema store with entry: Frontier(CanonicalFqn { catalog: "FINALPROJECT1", schema: "RAW", table: "PRODUCT_CATEGORY_NAME_TRANSLATION" }) and interval: None
10:36:21.316014 [debug]: Initializing schema store with entry: Frontier(CanonicalFqn { catalog: "FINALPROJECT1", schema: "RAW", table: "OLIST_GEOLOCATION_DATASET" }) and interval: None
10:36:21.316120 [debug]: Initializing schema store with entry: Frontier(CanonicalFqn { catalog: "FINALPROJECT1", schema: "RAW", table: "OLIST_PRODUCTS_DATASET" }) and interval: None
10:36:21.330160 [info ]: Started building task graph
10:36:21.331224 [info ]: Finished building task graph [  0.00s]
10:36:21.366883 [info ]: Started scheduling
10:36:21.367069 [info ]: Finished scheduling [  0.00s]
10:36:21.367604 [info ]: 
==================== Execution Summary =====================
Finished 'compile' with 2 warnings for target 'dev' [839ms]
10:36:21.367811 [info ]: Cached model count updated: 12 models (accurate)
==================== 2026-10-06T10:36:22.640850Z | 2359b4d0-3cef-4b47-a84a-eece366e9d8e ====================
10:36:22.641055 [info ]: Started loading project
10:36:22.641720 [info ]: Loading ~/.dbt/profiles.yml
10:36:22.653713 [info ]: Finished loading project [  0.01s]
10:36:22.827659 [info ]: Cached model count updated: 12 models (estimate)
10:36:22.827758 [info ]: Cached model count updated: 12 models (accurate)
10:36:22.827855 [info ]: Started scheduling
10:36:22.828139 [info ]: Finished scheduling [  0.00s]
10:36:22.828233 [debug]: Compilation - 12 nodes selected: {"model.finalproject.customer_locations", "model.finalproject.int_order_products", "model.finalproject.product_performance", "model.finalproject.stg_customers", "model.finalproject.stg_geolocation", "model.finalproject.stg_order_items", "model.finalproject.stg_order_payments", "model.finalproject.stg_order_reviews", "model.finalproject.stg_orders", "model.finalproject.stg_product_category_name_translation", "model.finalproject.stg_products", "model.finalproject.stg_sellers"}
10:36:22.840256 [info ]: Started building task graph
10:36:22.842327 [info ]: Finished building task graph [  0.00s]
10:36:22.849235 [info ]: Started rendering (12 nodes)
10:36:22.849973 [info ]: Started model RAW.stg_sellers
10:36:22.850388 [debug]: Started rendering model RAW.stg_sellers
10:36:22.851109 [info ]: Started model RAW.stg_product_category_name_translation
10:36:22.851202 [debug]: Started rendering model RAW.stg_product_category_name_translation
10:36:22.851246 [info ]: Started model RAW.stg_orders
10:36:22.851255 [debug]: Started rendering model RAW.stg_orders
10:36:22.851270 [info ]: Started model RAW.stg_order_reviews
10:36:22.851279 [debug]: Started rendering model RAW.stg_order_reviews
10:36:22.851296 [info ]: Started model RAW.stg_order_payments
10:36:22.851302 [debug]: Started rendering model RAW.stg_order_payments
10:36:22.851321 [info ]: Started model RAW.stg_geolocation
10:36:22.851337 [debug]: Started rendering model RAW.stg_geolocation
10:36:22.851367 [info ]: Started model RAW.stg_products
10:36:22.851376 [debug]: Started rendering model RAW.stg_products
10:36:22.851427 [info ]: Started model RAW.stg_order_items
10:36:22.851506 [debug]: Started rendering model RAW.stg_order_items
10:36:22.851542 [info ]: Started model RAW.stg_customers
10:36:22.851603 [debug]: Started rendering model RAW.stg_customers
10:36:22.901747 [debug]: Compiled SQL for node model.finalproject.stg_order_payments at target/.lsp/compiled/finalproject/models/staging/stg_order_payments.sql
10:36:22.901760 [debug]: Compiled SQL for node model.finalproject.stg_product_category_name_translation at target/.lsp/compiled/finalproject/models/staging/stg_product_category_name_translation.sql
10:36:22.901747 [debug]: Compiled SQL for node model.finalproject.stg_orders at target/.lsp/compiled/finalproject/models/staging/stg_orders.sql
10:36:22.901803 [debug]: Compiled SQL for node model.finalproject.stg_products at target/.lsp/compiled/finalproject/models/staging/stg_products.sql
10:36:22.902242 [debug]: Compiled SQL for node model.finalproject.stg_order_items at target/.lsp/compiled/finalproject/models/staging/stg_order_items.sql
10:36:22.902520 [debug]: Compiled SQL for node model.finalproject.stg_geolocation at target/.lsp/compiled/finalproject/models/staging/stg_geolocation.sql
10:36:22.902811 [debug]: Compiled SQL for node model.finalproject.stg_order_reviews at target/.lsp/compiled/finalproject/models/staging/stg_order_reviews.sql
10:36:22.902993 [debug]: Compiled SQL for node model.finalproject.stg_sellers at target/.lsp/compiled/finalproject/models/staging/stg_sellers.sql
10:36:22.904038 [debug]: Compiled SQL for node model.finalproject.stg_customers at target/.lsp/compiled/finalproject/models/staging/stg_customers.sql
10:36:22.904306 [debug]: Finished rendering [  0.05s] model RAW.stg_order_payments [success]
10:36:22.904969 [info ]: Started analyzing (12 nodes)
10:36:22.905075 [debug]: Started analyzing model RAW.stg_order_payments
10:36:22.905233 [debug]: Finished rendering [  0.05s] model RAW.stg_products [success]
10:36:22.905330 [debug]: Started analyzing model RAW.stg_products
10:36:22.905386 [debug]: Finished rendering [  0.05s] model RAW.stg_geolocation [success]
10:36:22.905417 [debug]: Started analyzing model RAW.stg_geolocation
10:36:22.905465 [debug]: Finished rendering [  0.06s] model RAW.stg_sellers [success]
10:36:22.905494 [debug]: Started analyzing model RAW.stg_sellers
10:36:22.905535 [debug]: Finished rendering [  0.05s] model RAW.stg_order_items [success]
10:36:22.905562 [debug]: Started analyzing model RAW.stg_order_items
10:36:22.905600 [debug]: Finished rendering [  0.05s] model RAW.stg_orders [success]
10:36:22.905628 [debug]: Started analyzing model RAW.stg_orders
10:36:22.905709 [debug]: Finished rendering [  0.05s] model RAW.stg_customers [success]
10:36:22.905736 [debug]: Started analyzing model RAW.stg_customers
10:36:22.905775 [debug]: Finished rendering [  0.05s] model RAW.stg_order_reviews [success]
10:36:22.905803 [debug]: Started analyzing model RAW.stg_order_reviews
10:36:22.905838 [debug]: Finished rendering [  0.05s] model RAW.stg_product_category_name_translation [success]
10:36:22.905864 [debug]: Started analyzing model RAW.stg_product_category_name_translation
10:36:23.129024 [debug]: Finished analyzing [  0.22s] model RAW.stg_customers [success]
10:36:23.129182 [info ]:  Succeeded model RAW.stg_customers (view) [9 of 12 in 0.28s]
10:36:23.129633 [info ]: Started model RAW.customer_locations
10:36:23.129786 [debug]: Started rendering model RAW.customer_locations
10:36:23.129941 [debug]: Finished analyzing [  0.22s] model RAW.stg_product_category_name_translation [success]
10:36:23.130024 [info ]:  Succeeded model RAW.stg_product_category_name_translation (view) [2 of 12 in 0.28s]
10:36:23.130098 [debug]: Finished analyzing [  0.22s] model RAW.stg_orders [success]
10:36:23.130123 [info ]:  Succeeded model RAW.stg_orders (view) [3 of 12 in 0.28s]
10:36:23.130167 [debug]: Finished analyzing [  0.22s] model RAW.stg_geolocation [success]
10:36:23.130178 [info ]:  Succeeded model RAW.stg_geolocation (view) [6 of 12 in 0.28s]
10:36:23.130199 [debug]: Finished analyzing [  0.22s] model RAW.stg_order_reviews [success]
10:36:23.130212 [info ]:  Succeeded model RAW.stg_order_reviews (view) [4 of 12 in 0.28s]
10:36:23.130249 [debug]: Finished analyzing [  0.22s] model RAW.stg_products [success]
10:36:23.130275 [info ]:  Succeeded model RAW.stg_products (view) [7 of 12 in 0.28s]
10:36:23.130374 [debug]: Finished analyzing [  0.23s] model RAW.stg_order_payments [success]
10:36:23.130393 [info ]:  Succeeded model RAW.stg_order_payments (view) [5 of 12 in 0.28s]
10:36:23.130489 [debug]: Finished analyzing [  0.22s] model RAW.stg_sellers [success]
10:36:23.130517 [info ]:  Succeeded model RAW.stg_sellers (view) [1 of 12 in 0.28s]
10:36:23.130919 [debug]: Finished analyzing [  0.23s] model RAW.stg_order_items [success]
10:36:23.131028 [info ]:  Succeeded model RAW.stg_order_items (view) [8 of 12 in 0.28s]
10:36:23.131095 [info ]: Started model RAW.int_order_products
10:36:23.131115 [debug]: Started rendering model RAW.int_order_products
10:36:23.133562 [debug]: Compiled SQL for node model.finalproject.int_order_products at target/.lsp/compiled/finalproject/models/intermediate/int_order_products.sql
10:36:23.134236 [debug]: Finished rendering [  0.00s] model RAW.int_order_products [success]
10:36:23.134428 [debug]: Started analyzing model RAW.int_order_products
10:36:23.135071 [debug]: Compiled SQL for node model.finalproject.customer_locations at target/.lsp/compiled/finalproject/models/marts/customer_locations.sql
10:36:23.135690 [debug]: Finished rendering [  0.01s] model RAW.customer_locations [success]
10:36:23.135840 [debug]: Started analyzing model RAW.customer_locations
10:36:23.168064 [debug]: Finished analyzing [  0.03s] model RAW.int_order_products [success]
10:36:23.168195 [info ]:  Succeeded model RAW.int_order_products (view) [11 of 12 in 0.04s]
10:36:23.168269 [info ]: Started model RAW.product_performance
10:36:23.168286 [debug]: Started rendering model RAW.product_performance
10:36:23.170716 [debug]: Finished analyzing [  0.03s] model RAW.customer_locations [success]
10:36:23.170920 [info ]:  Succeeded model RAW.customer_locations (table) [10 of 12 in 0.04s]
10:36:23.171906 [debug]: Compiled SQL for node model.finalproject.product_performance at target/.lsp/compiled/finalproject/models/marts/product_performance.sql
10:36:23.172570 [debug]: Finished rendering [  0.00s] model RAW.product_performance [success]
10:36:23.172692 [info ]: Finished rendering [  0.32s] (12 nodes, 0 skipped, 0 errors)
10:36:23.172757 [debug]: Started analyzing model RAW.product_performance
10:36:23.182333 [debug]: Finished analyzing [  0.01s] model RAW.product_performance [success]
10:36:23.182453 [info ]: Finished analyzing [  0.28s] (12 nodes, 0 skipped, 0 errors)
10:36:23.182474 [info ]:  Succeeded model RAW.product_performance (table) [12 of 12 in 0.01s]
10:36:23.202337 [info ]: Started scheduling
10:36:23.202599 [info ]: Finished scheduling [  0.00s]
10:36:23.202735 [info ]: 
==================== Execution Summary =====================
Finished 'compile' successfully for target 'dev' [561ms]
Processed: 12 models
Summary: 12 total | 12 success
10:36:23.203203 [info ]: Cached model count updated: 12 models (accurate)
10:36:27.335793 [debug]: Ignoring unsupported LSP notification
10:36:27.609879 [debug]: Ignoring unsupported LSP notification
==================== 2026-10-06T10:36:28.612915Z | 456e9bfd-a7df-4de6-bc54-7ce81f186617 ====================
10:36:28.613198 [info ]: Started loading project
10:36:28.614392 [info ]: Loading ~/.dbt/profiles.yml
10:36:28.623860 [info ]: Finished loading project [  0.01s]
==================== 2026-10-06T10:36:28.625927Z | c9db9005-867e-44d1-941f-9466289ed5f1 ====================
10:36:28.626092 [info ]: Started loading project
10:36:28.626481 [info ]: Loading ~/.dbt/profiles.yml
10:36:28.640974 [debug]:    Started loading packages
10:36:28.643139 [debug]:     Loaded [  0.00s] packages
10:36:28.645230 [info ]: Finished loading project [  0.02s]
10:36:28.645990 [info ]: Started parsing
10:36:28.878390 [debug]: Finished parsing models/intermediate/int_order_products.yml [  0.00s]
10:36:28.878960 [debug]: Finished parsing models/marts/customer_locations.yml [  0.00s]
10:36:28.879410 [debug]: Finished parsing models/marts/product_performance.yml [  0.00s]
10:36:28.879946 [debug]: Finished parsing models/staging/__sources.yml [  0.00s]
10:36:28.880403 [debug]: Finished parsing models/staging/stg_customers.yml [  0.00s]
10:36:28.881301 [debug]: Finished parsing models/staging/stg_geolocation.yml [  0.00s]
10:36:28.882168 [debug]: Finished parsing models/staging/stg_order_items.yml [  0.00s]
10:36:28.882957 [debug]: Finished parsing models/staging/stg_order_payments.yml [  0.00s]
10:36:28.883600 [debug]: Finished parsing models/staging/stg_order_reviews.yml [  0.00s]
10:36:28.884163 [debug]: Finished parsing models/staging/stg_orders.yml [  0.00s]
10:36:28.884597 [debug]: Finished parsing models/staging/stg_product_category_name_translation.yml [  0.00s]
10:36:28.885052 [debug]: Finished parsing models/staging/stg_products.yml [  0.00s]
10:36:28.885470 [debug]: Finished parsing models/staging/stg_sellers.yml [  0.00s]
10:36:28.891911 [debug]: Finished parsing models/intermediate/int_order_products.sql [  0.00s]
10:36:28.894171 [debug]: Finished parsing models/marts/customer_locations.sql [  0.00s]
10:36:28.895672 [debug]: Finished parsing models/marts/product_performance.sql [  0.00s]
10:36:28.898230 [debug]: Finished parsing models/staging/stg_customers.sql [  0.00s]
10:36:28.900901 [debug]: Finished parsing models/staging/stg_geolocation.sql [  0.00s]
10:36:28.903461 [debug]: Finished parsing models/staging/stg_order_items.sql [  0.00s]
10:36:28.904895 [debug]: Finished parsing models/staging/stg_order_payments.sql [  0.00s]
10:36:28.906566 [debug]: Finished parsing models/staging/stg_order_reviews.sql [  0.00s]
10:36:28.908224 [debug]: Finished parsing models/staging/stg_orders.sql [  0.00s]
10:36:28.909957 [debug]: Finished parsing models/staging/stg_product_category_name_translation.sql [  0.00s]
10:36:28.911397 [debug]: Finished parsing models/staging/stg_products.sql [  0.00s]
10:36:28.912818 [debug]: Finished parsing models/staging/stg_sellers.sql [  0.00s]
10:36:29.120654 [warn ]: [UnusedResourceConfigPath (dbt1097)]: Configuration paths exist in your dbt_project.yml file which do not apply to any resources.
There are 4 unused configuration paths:
- models.finalproject
- models.finalproject.intermediate
- models.finalproject.marts
- models.finalproject.staging
10:36:29.126187 [info ]: Finished parsing [  0.48s]
10:36:29.127038 [info ]: Cached model count updated: 12 models (estimate)
10:36:29.127128 [info ]: Cached model count updated: 12 models (accurate)
10:36:29.127386 [info ]: Started scheduling
10:36:29.127578 [info ]: Finished scheduling [  0.00s]
10:36:29.127668 [debug]: Compilation - 0 nodes selected: {}
10:36:29.127761 [warn ]: [NoNodesForSelectionCriteria (dbt1092)]: The selection criterion '' does not match any enabled nodes
10:36:29.127854 [warn ]: [NoNodesSelected (dbt1601)]: Nothing to do. Try checking your model configs and model specification args
10:36:29.127893 [info ]: Started scheduling
10:36:29.128216 [info ]: Finished scheduling [  0.00s]
10:36:29.134306 [debug]: Initializing schema store with entry: Frontier(CanonicalFqn { catalog: "FINALPROJECT1", schema: "RAW", table: "OLIST_ORDER_REVIEWS_DATASET" }) and interval: None
10:36:29.134927 [debug]: Initializing schema store with entry: Frontier(CanonicalFqn { catalog: "FINALPROJECT1", schema: "RAW", table: "OLIST_CUSTOMER_DATASET" }) and interval: None
10:36:29.135387 [debug]: Initializing schema store with entry: Frontier(CanonicalFqn { catalog: "FINALPROJECT1", schema: "RAW", table: "OLIST_ORDERS_DATASET" }) and interval: None
10:36:29.135591 [debug]: Initializing schema store with entry: Frontier(CanonicalFqn { catalog: "FINALPROJECT1", schema: "RAW", table: "OLIST_ORDER_ITEMS_DATASET" }) and interval: None
10:36:29.135816 [debug]: Initializing schema store with entry: Frontier(CanonicalFqn { catalog: "FINALPROJECT1", schema: "RAW", table: "PRODUCT_CATEGORY_NAME_TRANSLATION" }) and interval: None
10:36:29.135939 [debug]: Initializing schema store with entry: Frontier(CanonicalFqn { catalog: "FINALPROJECT1", schema: "RAW", table: "OLIST_SELLERS_DATASET" }) and interval: None
10:36:29.136000 [debug]: Initializing schema store with entry: Frontier(CanonicalFqn { catalog: "FINALPROJECT1", schema: "RAW", table: "OLIST_GEOLOCATION_DATASET" }) and interval: None
10:36:29.136116 [debug]: Initializing schema store with entry: Frontier(CanonicalFqn { catalog: "FINALPROJECT1", schema: "RAW", table: "OLIST_ORDER_PAYMENTS_DATASET" }) and interval: None
10:36:29.136178 [debug]: Initializing schema store with entry: Frontier(CanonicalFqn { catalog: "FINALPROJECT1", schema: "RAW", table: "OLIST_PRODUCTS_DATASET" }) and interval: None
10:36:29.141866 [info ]: Started building task graph
10:36:29.142021 [info ]: Finished building task graph [  0.00s]
10:36:29.151382 [debug]: Ignoring unsupported LSP notification
10:36:29.159581 [info ]: Started scheduling
10:36:29.159818 [info ]: Finished scheduling [  0.00s]
10:36:29.159959 [info ]: 
==================== Execution Summary =====================
Finished 'compile' with 3 warnings for target 'dev' [534ms]
10:36:29.160115 [info ]: 
==================== Execution Summary =====================
Finished 'compile' successfully for target 'dev' [547ms]
10:36:29.160512 [info ]: Cached model count updated: 12 models (accurate)
==================== 2026-10-06T10:36:30.544503Z | 54dd1107-06fc-401d-b93f-dc70976b0f59 ====================
10:36:30.544683 [info ]: Started loading project
10:36:30.545102 [info ]: Loading ~/.dbt/profiles.yml
10:36:30.551238 [info ]: Finished loading project [  0.01s]
10:36:30.605589 [info ]: Cached model count updated: 12 models (estimate)
10:36:30.605690 [info ]: Cached model count updated: 12 models (accurate)
10:36:30.605785 [info ]: Started scheduling
10:36:30.606195 [info ]: Finished scheduling [  0.00s]
10:36:30.606280 [debug]: Compilation - 12 nodes selected: {"model.dbt.customer_locations", "model.dbt.int_order_products", "model.dbt.product_performance", "model.dbt.stg_customers", "model.dbt.stg_geolocation", "model.dbt.stg_order_items", "model.dbt.stg_order_payments", "model.dbt.stg_order_reviews", "model.dbt.stg_orders", "model.dbt.stg_product_category_name_translation", "model.dbt.stg_products", "model.dbt.stg_sellers"}
10:36:30.617000 [info ]: Started building task graph
10:36:30.617321 [info ]: Finished building task graph [  0.00s]
10:36:30.619709 [info ]: Started rendering (12 nodes)
10:36:30.619873 [info ]: Started model RAW.stg_sellers
10:36:30.619902 [debug]: Started rendering model RAW.stg_sellers
10:36:30.620040 [info ]: Started model RAW.stg_product_category_name_translation
10:36:30.620063 [debug]: Started rendering model RAW.stg_product_category_name_translation
10:36:30.620106 [info ]: Started model RAW.stg_orders
10:36:30.620163 [debug]: Started rendering model RAW.stg_orders
10:36:30.620192 [info ]: Started model RAW.stg_order_reviews
10:36:30.620264 [debug]: Started rendering model RAW.stg_order_reviews
10:36:30.620304 [info ]: Started model RAW.stg_order_payments
10:36:30.620321 [debug]: Started rendering model RAW.stg_order_payments
10:36:30.620343 [info ]: Started model RAW.stg_geolocation
10:36:30.620413 [debug]: Started rendering model RAW.stg_geolocation
10:36:30.620445 [info ]: Started model RAW.product_performance
10:36:30.620489 [debug]: Started rendering model RAW.product_performance
10:36:30.620528 [info ]: Started model RAW.int_order_products
10:36:30.620548 [debug]: Started rendering model RAW.int_order_products
10:36:30.620587 [info ]: Started model RAW.stg_products
10:36:30.620606 [debug]: Started rendering model RAW.stg_products
10:36:30.620639 [info ]: Started model RAW.stg_order_items
10:36:30.620651 [debug]: Started rendering model RAW.stg_order_items
10:36:30.620675 [info ]: Started model RAW.customer_locations
10:36:30.620697 [debug]: Started rendering model RAW.customer_locations
10:36:30.620733 [info ]: Started model RAW.stg_customers
10:36:30.620806 [debug]: Started rendering model RAW.stg_customers
10:36:30.630505 [debug]: Compiled SQL for node model.dbt.stg_product_category_name_translation at target/.lsp/compiled/dbt/models/staging/stg_product_category_name_translation.sql
10:36:30.637455 [debug]: Compiled SQL for node model.dbt.product_performance at target/.lsp/compiled/dbt/models/marts/product_performance.sql
10:36:30.637651 [info ]: Started analyzing (12 nodes)
10:36:30.637684 [debug]: Started analyzing model RAW.stg_product_category_name_translation
10:36:30.637726 [debug]: Finished rendering [  0.02s] model RAW.stg_product_category_name_translation [success]
10:36:30.637892 [debug]: Finished rendering [  0.02s] model RAW.product_performance [success]
10:36:30.637942 [debug]: Started analyzing model RAW.product_performance
10:36:30.637970 [debug]: Compiled SQL for node model.dbt.stg_products at target/.lsp/compiled/dbt/models/staging/stg_products.sql
10:36:30.638507 [debug]: Finished rendering [  0.02s] model RAW.stg_products [success]
10:36:30.638996 [debug]: Compiled SQL for node model.dbt.stg_geolocation at target/.lsp/compiled/dbt/models/staging/stg_geolocation.sql
10:36:30.639259 [debug]: Compiled SQL for node model.dbt.int_order_products at target/.lsp/compiled/dbt/models/intermediate/int_order_products.sql
10:36:30.638579 [debug]: Started analyzing model RAW.stg_products
10:36:30.640000 [debug]: Finished analyzing [  0.00s] model RAW.stg_product_category_name_translation [success]
10:36:30.640067 [info ]:  Succeeded model RAW.stg_product_category_name_translation (view) [2 of 12 in 0.02s]
10:36:30.640340 [debug]: Finished rendering [  0.02s] model RAW.int_order_products [success]
10:36:30.640448 [debug]: Started analyzing model RAW.int_order_products
10:36:30.640523 [debug]: Finished rendering [  0.02s] model RAW.stg_geolocation [success]
10:36:30.640605 [debug]: Compiled SQL for node model.dbt.stg_customers at target/.lsp/compiled/dbt/models/staging/stg_customers.sql
10:36:30.641416 [debug]: Started analyzing model RAW.stg_geolocation
10:36:30.641450 [debug]: Compiled SQL for node model.dbt.stg_order_reviews at target/.lsp/compiled/dbt/models/staging/stg_order_reviews.sql
10:36:30.641723 [debug]: Finished rendering [  0.02s] model RAW.stg_customers [success]
10:36:30.641811 [debug]: Started analyzing model RAW.stg_customers
10:36:30.641871 [debug]: Finished analyzing [  0.00s] model RAW.product_performance [success]
10:36:30.641914 [debug]: Compiled SQL for node model.dbt.stg_order_items at target/.lsp/compiled/dbt/models/staging/stg_order_items.sql
10:36:30.641893 [info ]:  Succeeded model RAW.product_performance (view) [7 of 12 in 0.02s]
10:36:30.641976 [debug]: Finished rendering [  0.02s] model RAW.stg_order_reviews [success]
10:36:30.642001 [debug]: Started analyzing model RAW.stg_order_reviews
10:36:30.642134 [debug]: Finished analyzing [  0.00s] model RAW.stg_geolocation [success]
10:36:30.642165 [info ]:  Succeeded model RAW.stg_geolocation (view) [6 of 12 in 0.02s]
10:36:30.642268 [debug]: Started analyzing model RAW.stg_order_items
10:36:30.642287 [debug]: Finished rendering [  0.02s] model RAW.stg_order_items [success]
10:36:30.642553 [debug]: Finished analyzing [  0.00s] model RAW.stg_order_items [success]
10:36:30.642851 [info ]:  Succeeded model RAW.stg_order_items (view) [10 of 12 in 0.02s]
10:36:30.642928 [debug]: Finished analyzing [  0.00s] model RAW.stg_customers [success]
10:36:30.642950 [info ]:  Succeeded model RAW.stg_customers (view) [12 of 12 in 0.02s]
10:36:30.643268 [debug]: Finished analyzing [  0.00s] model RAW.stg_order_reviews [success]
10:36:30.643315 [info ]:  Succeeded model RAW.stg_order_reviews (view) [4 of 12 in 0.02s]
10:36:30.643475 [debug]: Compiled SQL for node model.dbt.customer_locations at target/.lsp/compiled/dbt/models/marts/customer_locations.sql
10:36:30.643513 [debug]: Compiled SQL for node model.dbt.stg_order_payments at target/.lsp/compiled/dbt/models/staging/stg_order_payments.sql
10:36:30.643787 [debug]: Finished analyzing [  0.00s] model RAW.int_order_products [success]
10:36:30.643829 [info ]:  Succeeded model RAW.int_order_products (view) [8 of 12 in 0.02s]
10:36:30.643882 [debug]: Finished rendering [  0.02s] model RAW.stg_order_payments [success]
10:36:30.643917 [debug]: Started analyzing model RAW.stg_order_payments
10:36:30.644024 [debug]: Finished rendering [  0.02s] model RAW.customer_locations [success]
10:36:30.644102 [debug]: Started analyzing model RAW.customer_locations
10:36:30.644523 [debug]: Compiled SQL for node model.dbt.stg_orders at target/.lsp/compiled/dbt/models/staging/stg_orders.sql
10:36:30.644549 [debug]: Finished analyzing [  0.00s] model RAW.stg_order_payments [success]
10:36:30.644625 [info ]:  Succeeded model RAW.stg_order_payments (view) [5 of 12 in 0.02s]
10:36:30.644825 [debug]: Finished analyzing [  0.00s] model RAW.customer_locations [success]
10:36:30.644848 [info ]:  Succeeded model RAW.customer_locations (view) [11 of 12 in 0.02s]
10:36:30.644897 [debug]: Finished rendering [  0.02s] model RAW.stg_orders [success]
10:36:30.644989 [debug]: Started analyzing model RAW.stg_orders
10:36:30.645516 [debug]: Finished analyzing [  0.01s] model RAW.stg_products [success]
10:36:30.645597 [info ]:  Succeeded model RAW.stg_products (view) [9 of 12 in 0.02s]
10:36:30.645617 [debug]: Compiled SQL for node model.dbt.stg_sellers at target/.lsp/compiled/dbt/models/staging/stg_sellers.sql
10:36:30.645840 [debug]: Finished analyzing [  0.00s] model RAW.stg_orders [success]
10:36:30.645936 [info ]:  Succeeded model RAW.stg_orders (view) [3 of 12 in 0.02s]
10:36:30.645985 [debug]: Finished rendering [  0.03s] model RAW.stg_sellers [success]
10:36:30.646010 [info ]: Finished rendering [  0.03s] (12 nodes, 0 skipped, 0 errors)
10:36:30.646048 [debug]: Started analyzing model RAW.stg_sellers
10:36:30.646434 [debug]: Finished analyzing [  0.00s] model RAW.stg_sellers [success]
10:36:30.646494 [info ]: Finished analyzing [  0.01s] (12 nodes, 0 skipped, 0 errors)
10:36:30.646511 [info ]:  Succeeded model RAW.stg_sellers (view) [1 of 12 in 0.03s]
10:36:30.659244 [info ]: Started scheduling
10:36:30.659485 [info ]: Finished scheduling [  0.00s]
10:36:30.756308 [info ]: 
==================== Execution Summary =====================
Finished 'compile' successfully for target 'dev' [211ms]
Processed: 12 models
Summary: 12 total | 12 success
10:36:30.756781 [info ]: Cached model count updated: 12 models (accurate)
10:36:31.147727 [info ]: Loading ~/.dbt/profiles.yml
==================== 2026-10-06T10:36:31.676557Z | 5418baa7-a319-4cc4-a59f-58ef2db86e58 ====================
10:36:31.676796 [info ]: Started loading project
10:36:31.677562 [info ]: Loading ~/.dbt/profiles.yml
10:36:31.686568 [info ]: Finished loading project [  0.01s]
==================== 2026-10-06T10:36:31.690042Z | 7a452c01-4029-4a8a-8099-b21f006fd07d ====================
10:36:31.690538 [info ]: Started loading project
10:36:31.691245 [info ]: Loading ~/.dbt/profiles.yml
10:36:31.705027 [debug]:    Started loading packages
10:36:31.707525 [debug]:     Loaded [  0.00s] packages
10:36:31.709019 [info ]: Finished loading project [  0.02s]
10:36:31.709715 [info ]: Started parsing
10:36:31.780805 [debug]: Finished parsing models/intermediate/int_order_products.yml [  0.00s]
10:36:31.781453 [debug]: Finished parsing models/marts/customer_locations.yml [  0.00s]
10:36:31.782038 [debug]: Finished parsing models/marts/product_performance.yml [  0.00s]
10:36:31.782928 [debug]: Finished parsing models/staging/__sources.yml [  0.00s]
10:36:31.783682 [debug]: Finished parsing models/staging/stg_customers.yml [  0.00s]
10:36:31.784090 [debug]: Finished parsing models/staging/stg_geolocation.yml [  0.00s]
10:36:31.784601 [debug]: Finished parsing models/staging/stg_order_items.yml [  0.00s]
10:36:31.784949 [debug]: Finished parsing models/staging/stg_order_payments.yml [  0.00s]
10:36:31.785326 [debug]: Finished parsing models/staging/stg_order_reviews.yml [  0.00s]
10:36:31.785720 [debug]: Finished parsing models/staging/stg_orders.yml [  0.00s]
10:36:31.785963 [debug]: Finished parsing models/staging/stg_product_category_name_translation.yml [  0.00s]
10:36:31.786326 [debug]: Finished parsing models/staging/stg_products.yml [  0.00s]
10:36:31.786598 [debug]: Finished parsing models/staging/stg_sellers.yml [  0.00s]
10:36:31.791917 [debug]: Finished parsing models/intermediate/int_order_products.sql [  0.00s]
10:36:31.793046 [debug]: Finished parsing models/marts/customer_locations.sql [  0.00s]
10:36:31.794423 [debug]: Finished parsing models/marts/product_performance.sql [  0.00s]
10:36:31.795719 [debug]: Finished parsing models/staging/stg_customers.sql [  0.00s]
10:36:31.797571 [debug]: Finished parsing models/staging/stg_geolocation.sql [  0.00s]
10:36:31.799675 [debug]: Finished parsing models/staging/stg_order_items.sql [  0.00s]
10:36:31.801393 [debug]: Finished parsing models/staging/stg_order_payments.sql [  0.00s]
10:36:31.802939 [debug]: Finished parsing models/staging/stg_order_reviews.sql [  0.00s]
10:36:31.804372 [debug]: Finished parsing models/staging/stg_orders.sql [  0.00s]
10:36:31.806112 [debug]: Finished parsing models/staging/stg_product_category_name_translation.sql [  0.00s]
10:36:31.807695 [debug]: Finished parsing models/staging/stg_products.sql [  0.00s]
10:36:31.809313 [debug]: Finished parsing models/staging/stg_sellers.sql [  0.00s]
10:36:32.015765 [warn ]: [UnusedResourceConfigPath (dbt1097)]: Configuration paths exist in your dbt_project.yml file which do not apply to any resources.
There are 4 unused configuration paths:
- models.finalproject
- models.finalproject.intermediate
- models.finalproject.marts
- models.finalproject.staging
10:36:32.018840 [info ]: Finished parsing [  0.31s]
10:36:32.019686 [info ]: Cached model count updated: 12 models (estimate)
10:36:32.019800 [info ]: Cached model count updated: 12 models (accurate)
10:36:32.019927 [info ]: Started scheduling
10:36:32.020193 [info ]: Finished scheduling [  0.00s]
10:36:32.020288 [debug]: Compilation - 0 nodes selected: {}
10:36:32.020349 [warn ]: [NoNodesForSelectionCriteria (dbt1092)]: The selection criterion '' does not match any enabled nodes
10:36:32.020431 [warn ]: [NoNodesSelected (dbt1601)]: Nothing to do. Try checking your model configs and model specification args
10:36:32.020463 [info ]: Started scheduling
10:36:32.020681 [info ]: Finished scheduling [  0.00s]
10:36:32.025591 [debug]: Initializing schema store with entry: Frontier(CanonicalFqn { catalog: "FINALPROJECT1", schema: "RAW", table: "OLIST_PRODUCTS_DATASET" }) and interval: None
10:36:32.025762 [debug]: Initializing schema store with entry: Frontier(CanonicalFqn { catalog: "FINALPROJECT1", schema: "RAW", table: "OLIST_CUSTOMER_DATASET" }) and interval: None
10:36:32.025808 [debug]: Initializing schema store with entry: Frontier(CanonicalFqn { catalog: "FINALPROJECT1", schema: "RAW", table: "OLIST_ORDER_ITEMS_DATASET" }) and interval: None
10:36:32.025853 [debug]: Initializing schema store with entry: Frontier(CanonicalFqn { catalog: "FINALPROJECT1", schema: "RAW", table: "OLIST_ORDER_REVIEWS_DATASET" }) and interval: None
10:36:32.025896 [debug]: Initializing schema store with entry: Frontier(CanonicalFqn { catalog: "FINALPROJECT1", schema: "RAW", table: "PRODUCT_CATEGORY_NAME_TRANSLATION" }) and interval: None
10:36:32.025921 [debug]: Initializing schema store with entry: Frontier(CanonicalFqn { catalog: "FINALPROJECT1", schema: "RAW", table: "OLIST_ORDERS_DATASET" }) and interval: None
10:36:32.025965 [debug]: Initializing schema store with entry: Frontier(CanonicalFqn { catalog: "FINALPROJECT1", schema: "RAW", table: "OLIST_SELLERS_DATASET" }) and interval: None
10:36:32.025993 [debug]: Initializing schema store with entry: Frontier(CanonicalFqn { catalog: "FINALPROJECT1", schema: "RAW", table: "OLIST_GEOLOCATION_DATASET" }) and interval: None
10:36:32.026036 [debug]: Initializing schema store with entry: Frontier(CanonicalFqn { catalog: "FINALPROJECT1", schema: "RAW", table: "OLIST_ORDER_PAYMENTS_DATASET" }) and interval: None
10:36:32.039023 [info ]: Started building task graph
10:36:32.039162 [info ]: Finished building task graph [  0.00s]
10:36:32.053598 [info ]: Started scheduling
10:36:32.053832 [info ]: Finished scheduling [  0.00s]
10:36:32.054034 [info ]: 
==================== Execution Summary =====================
Finished 'compile' with 3 warnings for target 'dev' [363ms]
10:36:32.054197 [info ]: 
==================== Execution Summary =====================
Finished 'compile' successfully for target 'dev' [377ms]
10:36:32.054386 [info ]: Cached model count updated: 12 models (accurate)
10:36:32.189957 [debug]: Ignoring unsupported LSP notification
==================== 2026-10-06T10:36:32.612678Z | a80e890d-c3b6-4184-86b7-8681726416dc ====================
10:36:32.612850 [info ]: Started loading project
10:36:32.613419 [info ]: Loading ~/.dbt/profiles.yml
10:36:32.622905 [info ]: Finished loading project [  0.01s]
==================== 2026-10-06T10:36:32.624953Z | e3304329-e250-4d96-b52d-3439da643fe0 ====================
10:36:32.625094 [info ]: Started loading project
10:36:32.625573 [info ]: Loading ~/.dbt/profiles.yml
10:36:32.638876 [debug]:    Started loading packages
10:36:32.641087 [debug]:     Loaded [  0.00s] packages
10:36:32.642645 [info ]: Finished loading project [  0.02s]
10:36:32.643365 [info ]: Started parsing
10:36:32.881463 [debug]: Finished parsing models/intermediate/int_order_products.yml [  0.00s]
10:36:32.882066 [debug]: Finished parsing models/marts/customer_locations.yml [  0.00s]
10:36:32.882508 [debug]: Finished parsing models/marts/product_performance.yml [  0.00s]
10:36:32.883274 [debug]: Finished parsing models/staging/__sources.yml [  0.00s]
10:36:32.883654 [debug]: Finished parsing models/staging/stg_customers.yml [  0.00s]
10:36:32.883978 [debug]: Finished parsing models/staging/stg_geolocation.yml [  0.00s]
10:36:32.884422 [debug]: Finished parsing models/staging/stg_order_items.yml [  0.00s]
10:36:32.884783 [debug]: Finished parsing models/staging/stg_order_payments.yml [  0.00s]
10:36:32.885491 [debug]: Finished parsing models/staging/stg_order_reviews.yml [  0.00s]
10:36:32.885969 [debug]: Finished parsing models/staging/stg_orders.yml [  0.00s]
10:36:32.886303 [debug]: Finished parsing models/staging/stg_product_category_name_translation.yml [  0.00s]
10:36:32.886679 [debug]: Finished parsing models/staging/stg_products.yml [  0.00s]
10:36:32.886940 [debug]: Finished parsing models/staging/stg_sellers.yml [  0.00s]
10:36:32.895932 [debug]: Finished parsing models/intermediate/int_order_products.sql [  0.00s]
10:36:32.898042 [debug]: Finished parsing models/marts/customer_locations.sql [  0.00s]
10:36:32.900176 [debug]: Finished parsing models/marts/product_performance.sql [  0.00s]
10:36:32.902257 [debug]: Finished parsing models/staging/stg_customers.sql [  0.00s]
10:36:32.904180 [debug]: Finished parsing models/staging/stg_geolocation.sql [  0.00s]
10:36:32.905943 [debug]: Finished parsing models/staging/stg_order_items.sql [  0.00s]
10:36:32.907542 [debug]: Finished parsing models/staging/stg_order_payments.sql [  0.00s]
10:36:32.909221 [debug]: Finished parsing models/staging/stg_order_reviews.sql [  0.00s]
10:36:32.911623 [debug]: Finished parsing models/staging/stg_orders.sql [  0.00s]
10:36:32.913849 [debug]: Finished parsing models/staging/stg_product_category_name_translation.sql [  0.00s]
10:36:32.915378 [debug]: Finished parsing models/staging/stg_products.sql [  0.00s]
10:36:32.917442 [debug]: Finished parsing models/staging/stg_sellers.sql [  0.00s]
10:36:33.164799 [warn ]: [UnusedResourceConfigPath (dbt1097)]: Configuration paths exist in your dbt_project.yml file which do not apply to any resources.
There are 4 unused configuration paths:
- models.finalproject
- models.finalproject.intermediate
- models.finalproject.marts
- models.finalproject.staging
10:36:33.166759 [info ]: Finished parsing [  0.52s]
10:36:33.167481 [info ]: Cached model count updated: 12 models (estimate)
10:36:33.167568 [info ]: Cached model count updated: 12 models (accurate)
10:36:33.167641 [info ]: Started scheduling
10:36:33.167757 [info ]: Finished scheduling [  0.00s]
10:36:33.167857 [debug]: Compilation - 0 nodes selected: {}
10:36:33.167911 [warn ]: [NoNodesForSelectionCriteria (dbt1092)]: The selection criterion '' does not match any enabled nodes
10:36:33.167950 [warn ]: [NoNodesSelected (dbt1601)]: Nothing to do. Try checking your model configs and model specification args
10:36:33.167976 [info ]: Started scheduling
10:36:33.168249 [info ]: Finished scheduling [  0.00s]
10:36:33.171338 [debug]: Initializing schema store with entry: Frontier(CanonicalFqn { catalog: "FINALPROJECT1", schema: "RAW", table: "OLIST_ORDER_ITEMS_DATASET" }) and interval: None
10:36:33.171776 [debug]: Initializing schema store with entry: Frontier(CanonicalFqn { catalog: "FINALPROJECT1", schema: "RAW", table: "OLIST_ORDER_REVIEWS_DATASET" }) and interval: None
10:36:33.171939 [debug]: Initializing schema store with entry: Frontier(CanonicalFqn { catalog: "FINALPROJECT1", schema: "RAW", table: "OLIST_SELLERS_DATASET" }) and interval: None
10:36:33.171985 [debug]: Initializing schema store with entry: Frontier(CanonicalFqn { catalog: "FINALPROJECT1", schema: "RAW", table: "PRODUCT_CATEGORY_NAME_TRANSLATION" }) and interval: None
10:36:33.172022 [debug]: Initializing schema store with entry: Frontier(CanonicalFqn { catalog: "FINALPROJECT1", schema: "RAW", table: "OLIST_GEOLOCATION_DATASET" }) and interval: None
10:36:33.172071 [debug]: Initializing schema store with entry: Frontier(CanonicalFqn { catalog: "FINALPROJECT1", schema: "RAW", table: "OLIST_CUSTOMER_DATASET" }) and interval: None
10:36:33.172120 [debug]: Initializing schema store with entry: Frontier(CanonicalFqn { catalog: "FINALPROJECT1", schema: "RAW", table: "OLIST_ORDER_PAYMENTS_DATASET" }) and interval: None
10:36:33.172174 [debug]: Initializing schema store with entry: Frontier(CanonicalFqn { catalog: "FINALPROJECT1", schema: "RAW", table: "OLIST_PRODUCTS_DATASET" }) and interval: None
10:36:33.172328 [debug]: Initializing schema store with entry: Frontier(CanonicalFqn { catalog: "FINALPROJECT1", schema: "RAW", table: "OLIST_ORDERS_DATASET" }) and interval: None
10:36:33.175444 [info ]: Started building task graph
10:36:33.175570 [info ]: Finished building task graph [  0.00s]
10:36:33.187847 [info ]: Started scheduling
10:36:33.188234 [info ]: Finished scheduling [  0.00s]
10:36:33.188522 [info ]: 
==================== Execution Summary =====================
Finished 'compile' with 3 warnings for target 'dev' [563ms]
10:36:33.188670 [info ]: 
==================== Execution Summary =====================
Finished 'compile' successfully for target 'dev' [575ms]
10:36:33.192051 [info ]: Cached model count updated: 12 models (accurate)
==================== 2026-10-06T10:36:34.428270Z | 07d87f52-abff-46b0-8104-65b821a1e4dc ====================
10:36:34.428491 [info ]: Started loading project
10:36:34.429065 [info ]: Loading ~/.dbt/profiles.yml
10:36:34.437084 [info ]: Finished loading project [  0.01s]
10:36:34.650010 [info ]: Cached model count updated: 12 models (estimate)
10:36:34.650152 [info ]: Cached model count updated: 12 models (accurate)
10:36:34.650257 [info ]: Started scheduling
10:36:34.650527 [info ]: Finished scheduling [  0.00s]
10:36:34.650610 [debug]: Compilation - 12 nodes selected: {"model.dbt_labs_.customer_locations", "model.dbt_labs_.int_order_products", "model.dbt_labs_.product_performance", "model.dbt_labs_.stg_customers", "model.dbt_labs_.stg_geolocation", "model.dbt_labs_.stg_order_items", "model.dbt_labs_.stg_order_payments", "model.dbt_labs_.stg_order_reviews", "model.dbt_labs_.stg_orders", "model.dbt_labs_.stg_product_category_name_translation", "model.dbt_labs_.stg_products", "model.dbt_labs_.stg_sellers"}
10:36:34.664819 [info ]: Started building task graph
10:36:34.665162 [info ]: Finished building task graph [  0.00s]
10:36:34.669013 [info ]: Started rendering (12 nodes)
10:36:34.669159 [info ]: Started model RAW.stg_sellers
10:36:34.669186 [debug]: Started rendering model RAW.stg_sellers
10:36:34.669477 [info ]: Started model RAW.stg_product_category_name_translation
10:36:34.669782 [debug]: Started rendering model RAW.stg_product_category_name_translation
10:36:34.669916 [info ]: Started model RAW.stg_orders
10:36:34.669936 [debug]: Started rendering model RAW.stg_orders
10:36:34.669961 [info ]: Started model RAW.stg_order_reviews
10:36:34.669974 [debug]: Started rendering model RAW.stg_order_reviews
10:36:34.670001 [info ]: Started model RAW.stg_order_payments
10:36:34.670013 [debug]: Started rendering model RAW.stg_order_payments
10:36:34.670045 [info ]: Started model RAW.stg_geolocation
10:36:34.670137 [debug]: Started rendering model RAW.stg_geolocation
10:36:34.670169 [info ]: Started model RAW.product_performance
10:36:34.670181 [debug]: Started rendering model RAW.product_performance
10:36:34.670203 [info ]: Started model RAW.int_order_products
10:36:34.670214 [debug]: Started rendering model RAW.int_order_products
10:36:34.670240 [info ]: Started model RAW.stg_products
10:36:34.670249 [debug]: Started rendering model RAW.stg_products
10:36:34.670266 [info ]: Started model RAW.stg_order_items
10:36:34.670275 [debug]: Started rendering model RAW.stg_order_items
10:36:34.670292 [info ]: Started model RAW.customer_locations
10:36:34.670302 [debug]: Started rendering model RAW.customer_locations
10:36:34.670321 [info ]: Started model RAW.stg_customers
10:36:34.670363 [debug]: Started rendering model RAW.stg_customers
10:36:34.682461 [debug]: Compiled SQL for node model.dbt_labs_.stg_sellers at target/.lsp/compiled/dbt_labs_/models/staging/stg_sellers.sql
10:36:34.682989 [debug]: Finished rendering [  0.01s] model RAW.stg_sellers [success]
10:36:34.683146 [info ]: Started analyzing (12 nodes)
10:36:34.683170 [debug]: Started analyzing model RAW.stg_sellers
10:36:34.684405 [debug]: Finished analyzing [  0.00s] model RAW.stg_sellers [success]
10:36:34.684545 [info ]:  Succeeded model RAW.stg_sellers (view) [1 of 12 in 0.01s]
10:36:34.686352 [debug]: Compiled SQL for node model.dbt_labs_.stg_order_reviews at target/.lsp/compiled/dbt_labs_/models/staging/stg_order_reviews.sql
10:36:34.686620 [debug]: Compiled SQL for node model.dbt_labs_.stg_customers at target/.lsp/compiled/dbt_labs_/models/staging/stg_customers.sql
10:36:34.686987 [debug]: Compiled SQL for node model.dbt_labs_.customer_locations at target/.lsp/compiled/dbt_labs_/models/marts/customer_locations.sql
10:36:34.687234 [debug]: Compiled SQL for node model.dbt_labs_.stg_order_items at target/.lsp/compiled/dbt_labs_/models/staging/stg_order_items.sql
10:36:34.687673 [debug]: Started analyzing model RAW.stg_customers
10:36:34.687733 [debug]: Compiled SQL for node model.dbt_labs_.stg_orders at target/.lsp/compiled/dbt_labs_/models/staging/stg_orders.sql
10:36:34.687793 [debug]: Finished rendering [  0.02s] model RAW.stg_customers [success]
10:36:34.687893 [debug]: Finished rendering [  0.02s] model RAW.customer_locations [success]
10:36:34.687943 [debug]: Started analyzing model RAW.customer_locations
10:36:34.688066 [debug]: Finished rendering [  0.02s] model RAW.stg_order_reviews [success]
10:36:34.688114 [debug]: Started analyzing model RAW.stg_order_reviews
10:36:34.688145 [debug]: Finished rendering [  0.02s] model RAW.stg_order_items [success]
10:36:34.688167 [debug]: Started analyzing model RAW.stg_order_items
10:36:34.688346 [debug]: Started analyzing model RAW.stg_orders
10:36:34.688424 [debug]: Finished rendering [  0.02s] model RAW.stg_orders [success]
10:36:34.688618 [debug]: Finished analyzing [  0.00s] model RAW.stg_customers [success]
10:36:34.689001 [debug]: Compiled SQL for node model.dbt_labs_.stg_products at target/.lsp/compiled/dbt_labs_/models/staging/stg_products.sql
10:36:34.689431 [info ]:  Succeeded model RAW.stg_customers (view) [12 of 12 in 0.02s]
10:36:34.689659 [debug]: Finished analyzing [  0.00s] model RAW.stg_order_items [success]
10:36:34.689749 [info ]:  Succeeded model RAW.stg_order_items (view) [10 of 12 in 0.02s]
10:36:34.689817 [debug]: Finished analyzing [  0.00s] model RAW.stg_orders [success]
10:36:34.689903 [info ]:  Succeeded model RAW.stg_orders (view) [3 of 12 in 0.02s]
10:36:34.689959 [debug]: Finished analyzing [  0.00s] model RAW.customer_locations [success]
10:36:34.690050 [info ]:  Succeeded model RAW.customer_locations (view) [11 of 12 in 0.02s]
10:36:34.690182 [debug]: Finished rendering [  0.02s] model RAW.stg_products [success]
10:36:34.690291 [debug]: Started analyzing model RAW.stg_products
10:36:34.691026 [debug]: Finished analyzing [  0.00s] model RAW.stg_products [success]
10:36:34.691123 [info ]:  Succeeded model RAW.stg_products (view) [9 of 12 in 0.02s]
10:36:34.694165 [debug]: Finished analyzing [  0.01s] model RAW.stg_order_reviews [success]
10:36:34.694392 [info ]:  Succeeded model RAW.stg_order_reviews (view) [4 of 12 in 0.02s]
10:36:34.695731 [debug]: Compiled SQL for node model.dbt_labs_.stg_geolocation at target/.lsp/compiled/dbt_labs_/models/staging/stg_geolocation.sql
10:36:34.696420 [debug]: Compiled SQL for node model.dbt_labs_.stg_order_payments at target/.lsp/compiled/dbt_labs_/models/staging/stg_order_payments.sql
10:36:34.696734 [debug]: Compiled SQL for node model.dbt_labs_.stg_product_category_name_translation at target/.lsp/compiled/dbt_labs_/models/staging/stg_product_category_name_translation.sql
10:36:34.696832 [debug]: Compiled SQL for node model.dbt_labs_.int_order_products at target/.lsp/compiled/dbt_labs_/models/intermediate/int_order_products.sql
10:36:34.697028 [debug]: Finished rendering [  0.03s] model RAW.stg_order_payments [success]
10:36:34.697187 [debug]: Started analyzing model RAW.stg_order_payments
10:36:34.697281 [debug]: Finished rendering [  0.03s] model RAW.stg_geolocation [success]
10:36:34.697348 [debug]: Started analyzing model RAW.stg_geolocation
10:36:34.697333 [debug]: Compiled SQL for node model.dbt_labs_.product_performance at target/.lsp/compiled/dbt_labs_/models/marts/product_performance.sql
10:36:34.697472 [debug]: Finished rendering [  0.03s] model RAW.stg_product_category_name_translation [success]
10:36:34.697535 [debug]: Started analyzing model RAW.stg_product_category_name_translation
10:36:34.698020 [debug]: Finished analyzing [  0.00s] model RAW.stg_product_category_name_translation [success]
10:36:34.702613 [info ]:  Succeeded model RAW.stg_product_category_name_translation (view) [2 of 12 in 0.03s]
10:36:34.702819 [debug]: Finished rendering [  0.03s] model RAW.int_order_products [success]
10:36:34.702868 [debug]: Started analyzing model RAW.int_order_products
10:36:34.702983 [debug]: Finished analyzing [  0.01s] model RAW.stg_order_payments [success]
10:36:34.703060 [info ]:  Succeeded model RAW.stg_order_payments (view) [5 of 12 in 0.03s]
10:36:34.703121 [debug]: Finished analyzing [  0.01s] model RAW.stg_geolocation [success]
10:36:34.703203 [info ]:  Succeeded model RAW.stg_geolocation (view) [6 of 12 in 0.03s]
10:36:34.703247 [debug]: Finished rendering [  0.03s] model RAW.product_performance [success]
10:36:34.703268 [info ]: Finished rendering [  0.03s] (12 nodes, 0 skipped, 0 errors)
10:36:34.703307 [debug]: Started analyzing model RAW.product_performance
10:36:34.704118 [debug]: Finished analyzing [  0.00s] model RAW.product_performance [success]
10:36:34.704243 [info ]:  Succeeded model RAW.product_performance (view) [7 of 12 in 0.03s]
10:36:34.705004 [debug]: Finished analyzing [  0.00s] model RAW.int_order_products [success]
10:36:34.705121 [info ]: Finished analyzing [  0.02s] (12 nodes, 0 skipped, 0 errors)
10:36:34.705145 [info ]:  Succeeded model RAW.int_order_products (view) [8 of 12 in 0.03s]
10:36:34.721430 [info ]: Started scheduling
10:36:34.721703 [info ]: Finished scheduling [  0.00s]
10:36:34.721904 [info ]: 
==================== Execution Summary =====================
Finished 'compile' successfully for target 'dev' [293ms]
Processed: 12 models
Summary: 12 total | 12 success
10:36:34.728614 [info ]: Cached model count updated: 12 models (accurate)
10:36:34.977644 [info ]: Loading ~/.dbt/profiles.yml
==================== 2026-10-06T10:36:36.528183Z | 35eee377-5bfd-4ea3-8b89-b3bd11c9b0fb ====================
10:36:36.528561 [info ]: Started loading project
10:36:36.529196 [info ]: Loading ~/.dbt/profiles.yml
10:36:36.536630 [info ]: Finished loading project [  0.01s]
==================== 2026-10-06T10:36:36.539078Z | 309ce7c3-e3a9-4321-a855-7534d042a0bb ====================
10:36:36.539271 [info ]: Started loading project
10:36:36.539730 [info ]: Loading ~/.dbt/profiles.yml
10:36:36.553620 [debug]:    Started loading packages
10:36:36.555591 [debug]:     Loaded [  0.00s] packages
10:36:36.557658 [info ]: Finished loading project [  0.02s]
10:36:36.558333 [info ]: Started parsing
10:36:36.644252 [debug]: Finished parsing models/intermediate/int_order_products.yml [  0.00s]
10:36:36.644590 [debug]: Finished parsing models/marts/customer_locations.yml [  0.00s]
10:36:36.644984 [debug]: Finished parsing models/marts/product_performance.yml [  0.00s]
10:36:36.645664 [debug]: Finished parsing models/staging/__sources.yml [  0.00s]
10:36:36.646040 [debug]: Finished parsing models/staging/stg_customers.yml [  0.00s]
10:36:36.646371 [debug]: Finished parsing models/staging/stg_geolocation.yml [  0.00s]
10:36:36.646885 [debug]: Finished parsing models/staging/stg_order_items.yml [  0.00s]
10:36:36.647321 [debug]: Finished parsing models/staging/stg_order_payments.yml [  0.00s]
10:36:36.647769 [debug]: Finished parsing models/staging/stg_order_reviews.yml [  0.00s]
10:36:36.648215 [debug]: Finished parsing models/staging/stg_orders.yml [  0.00s]
10:36:36.648567 [debug]: Finished parsing models/staging/stg_product_category_name_translation.yml [  0.00s]
10:36:36.649021 [debug]: Finished parsing models/staging/stg_products.yml [  0.00s]
10:36:36.649616 [debug]: Finished parsing models/staging/stg_sellers.yml [  0.00s]
10:36:36.655401 [debug]: Finished parsing models/intermediate/int_order_products.sql [  0.00s]
10:36:36.657731 [debug]: Finished parsing models/marts/customer_locations.sql [  0.00s]
10:36:36.659380 [debug]: Finished parsing models/marts/product_performance.sql [  0.00s]
10:36:36.661379 [debug]: Finished parsing models/staging/stg_customers.sql [  0.00s]
10:36:36.662918 [debug]: Finished parsing models/staging/stg_geolocation.sql [  0.00s]
10:36:36.665425 [debug]: Finished parsing models/staging/stg_order_items.sql [  0.00s]
10:36:36.667260 [debug]: Finished parsing models/staging/stg_order_payments.sql [  0.00s]
10:36:36.668658 [debug]: Finished parsing models/staging/stg_order_reviews.sql [  0.00s]
10:36:36.670022 [debug]: Finished parsing models/staging/stg_orders.sql [  0.00s]
10:36:36.671642 [debug]: Finished parsing models/staging/stg_product_category_name_translation.sql [  0.00s]
10:36:36.673452 [debug]: Finished parsing models/staging/stg_products.sql [  0.00s]
10:36:36.675122 [debug]: Finished parsing models/staging/stg_sellers.sql [  0.00s]
10:36:36.927469 [warn ]: [UnusedResourceConfigPath (dbt1097)]: Configuration paths exist in your dbt_project.yml file which do not apply to any resources.
There are 4 unused configuration paths:
- models.finalproject
- models.finalproject.intermediate
- models.finalproject.marts
- models.finalproject.staging
10:36:36.933054 [info ]: Finished parsing [  0.37s]
10:36:36.933775 [info ]: Cached model count updated: 12 models (estimate)
10:36:36.933842 [info ]: Cached model count updated: 12 models (accurate)
10:36:36.933917 [info ]: Started scheduling
10:36:36.934058 [info ]: Finished scheduling [  0.00s]
10:36:36.934099 [debug]: Compilation - 0 nodes selected: {}
10:36:36.934271 [warn ]: [NoNodesForSelectionCriteria (dbt1092)]: The selection criterion '' does not match any enabled nodes
10:36:36.934357 [warn ]: [NoNodesSelected (dbt1601)]: Nothing to do. Try checking your model configs and model specification args
10:36:36.934386 [info ]: Started scheduling
10:36:36.934720 [info ]: Finished scheduling [  0.00s]
10:36:36.940602 [debug]: Initializing schema store with entry: Frontier(CanonicalFqn { catalog: "FINALPROJECT1", schema: "RAW", table: "OLIST_ORDER_ITEMS_DATASET" }) and interval: None
10:36:36.940830 [debug]: Initializing schema store with entry: Frontier(CanonicalFqn { catalog: "FINALPROJECT1", schema: "RAW", table: "OLIST_SELLERS_DATASET" }) and interval: None
10:36:36.940877 [debug]: Initializing schema store with entry: Frontier(CanonicalFqn { catalog: "FINALPROJECT1", schema: "RAW", table: "OLIST_GEOLOCATION_DATASET" }) and interval: None
10:36:36.940914 [debug]: Initializing schema store with entry: Frontier(CanonicalFqn { catalog: "FINALPROJECT1", schema: "RAW", table: "OLIST_ORDER_REVIEWS_DATASET" }) and interval: None
10:36:36.940960 [debug]: Initializing schema store with entry: Frontier(CanonicalFqn { catalog: "FINALPROJECT1", schema: "RAW", table: "OLIST_CUSTOMER_DATASET" }) and interval: None
10:36:36.941017 [debug]: Initializing schema store with entry: Frontier(CanonicalFqn { catalog: "FINALPROJECT1", schema: "RAW", table: "PRODUCT_CATEGORY_NAME_TRANSLATION" }) and interval: None
10:36:36.941081 [debug]: Initializing schema store with entry: Frontier(CanonicalFqn { catalog: "FINALPROJECT1", schema: "RAW", table: "OLIST_PRODUCTS_DATASET" }) and interval: None
10:36:36.941203 [debug]: Initializing schema store with entry: Frontier(CanonicalFqn { catalog: "FINALPROJECT1", schema: "RAW", table: "OLIST_ORDERS_DATASET" }) and interval: None
10:36:36.941392 [debug]: Initializing schema store with entry: Frontier(CanonicalFqn { catalog: "FINALPROJECT1", schema: "RAW", table: "OLIST_ORDER_PAYMENTS_DATASET" }) and interval: None
10:36:36.965092 [info ]: Started building task graph
10:36:36.965404 [info ]: Finished building task graph [  0.00s]
10:36:36.980274 [info ]: Started scheduling
10:36:36.980533 [info ]: Finished scheduling [  0.00s]
10:36:36.980742 [info ]: 
==================== Execution Summary =====================
Finished 'compile' with 3 warnings for target 'dev' [441ms]
10:36:36.980906 [info ]: 
==================== Execution Summary =====================
Finished 'compile' successfully for target 'dev' [452ms]
10:36:36.984582 [info ]: Cached model count updated: 12 models (accurate)
==================== 2026-10-06T10:36:38.276563Z | 062e5efa-728b-4130-870c-cc65a415471c ====================
10:36:38.276780 [info ]: Started loading project
10:36:38.277694 [info ]: Loading ~/.dbt/profiles.yml
10:36:38.284379 [info ]: Finished loading project [  0.01s]
10:36:38.380835 [info ]: Cached model count updated: 12 models (estimate)
10:36:38.381011 [info ]: Cached model count updated: 12 models (accurate)
10:36:38.381134 [info ]: Started scheduling
10:36:38.381572 [info ]: Finished scheduling [  0.00s]
10:36:38.381733 [debug]: Compilation - 12 nodes selected: {"model.dbt_labs_olist.customer_locations", "model.dbt_labs_olist.int_order_products", "model.dbt_labs_olist.product_performance", "model.dbt_labs_olist.stg_customers", "model.dbt_labs_olist.stg_geolocation", "model.dbt_labs_olist.stg_order_items", "model.dbt_labs_olist.stg_order_payments", "model.dbt_labs_olist.stg_order_reviews", "model.dbt_labs_olist.stg_orders", "model.dbt_labs_olist.stg_product_category_name_translation", "model.dbt_labs_olist.stg_products", "model.dbt_labs_olist.stg_sellers"}
10:36:38.386271 [info ]: Started building task graph
10:36:38.386625 [info ]: Finished building task graph [  0.00s]
10:36:38.390665 [info ]: Started rendering (12 nodes)
10:36:38.390795 [info ]: Started model RAW.stg_sellers
10:36:38.390816 [debug]: Started rendering model RAW.stg_sellers
10:36:38.390932 [info ]: Started model RAW.stg_product_category_name_translation
10:36:38.390952 [debug]: Started rendering model RAW.stg_product_category_name_translation
10:36:38.390981 [info ]: Started model RAW.stg_orders
10:36:38.390993 [debug]: Started rendering model RAW.stg_orders
10:36:38.391015 [info ]: Started model RAW.stg_order_reviews
10:36:38.391033 [debug]: Started rendering model RAW.stg_order_reviews
10:36:38.391052 [info ]: Started model RAW.stg_order_payments
10:36:38.391066 [debug]: Started rendering model RAW.stg_order_payments
10:36:38.391104 [info ]: Started model RAW.stg_geolocation
10:36:38.391179 [debug]: Started rendering model RAW.stg_geolocation
10:36:38.391380 [info ]: Started model RAW.product_performance
10:36:38.391438 [debug]: Started rendering model RAW.product_performance
10:36:38.391853 [info ]: Started model RAW.int_order_products
10:36:38.391880 [debug]: Started rendering model RAW.int_order_products
10:36:38.391909 [info ]: Started model RAW.stg_products
10:36:38.391920 [debug]: Started rendering model RAW.stg_products
10:36:38.391941 [info ]: Started model RAW.stg_order_items
10:36:38.391950 [debug]: Started rendering model RAW.stg_order_items
10:36:38.391970 [info ]: Started model RAW.customer_locations
10:36:38.391978 [debug]: Started rendering model RAW.customer_locations
10:36:38.391998 [info ]: Started model RAW.stg_customers
10:36:38.392007 [debug]: Started rendering model RAW.stg_customers
10:36:38.399245 [debug]: Compiled SQL for node model.dbt_labs_olist.int_order_products at target/.lsp/compiled/dbt_labs_olist/models/intermediate/int_order_products.sql
10:36:38.399873 [debug]: Finished rendering [  0.01s] model RAW.int_order_products [success]
10:36:38.400023 [info ]: Started analyzing (12 nodes)
10:36:38.400062 [debug]: Started analyzing model RAW.int_order_products
10:36:38.400426 [debug]: Compiled SQL for node model.dbt_labs_olist.customer_locations at target/.lsp/compiled/dbt_labs_olist/models/marts/customer_locations.sql
10:36:38.400899 [debug]: Finished rendering [  0.01s] model RAW.customer_locations [success]
10:36:38.401052 [debug]: Started analyzing model RAW.customer_locations
10:36:38.401924 [debug]: Finished analyzing [  0.00s] model RAW.customer_locations [success]
10:36:38.402080 [info ]:  Succeeded model RAW.customer_locations (view) [11 of 12 in 0.01s]
10:36:38.403139 [debug]: Compiled SQL for node model.dbt_labs_olist.stg_geolocation at target/.lsp/compiled/dbt_labs_olist/models/staging/stg_geolocation.sql
10:36:38.403456 [debug]: Compiled SQL for node model.dbt_labs_olist.stg_products at target/.lsp/compiled/dbt_labs_olist/models/staging/stg_products.sql
10:36:38.403954 [debug]: Compiled SQL for node model.dbt_labs_olist.product_performance at target/.lsp/compiled/dbt_labs_olist/models/marts/product_performance.sql
10:36:38.404076 [debug]: Compiled SQL for node model.dbt_labs_olist.stg_order_items at target/.lsp/compiled/dbt_labs_olist/models/staging/stg_order_items.sql
10:36:38.404221 [debug]: Compiled SQL for node model.dbt_labs_olist.stg_product_category_name_translation at target/.lsp/compiled/dbt_labs_olist/models/staging/stg_product_category_name_translation.sql
10:36:38.404426 [debug]: Finished rendering [  0.01s] model RAW.stg_products [success]
10:36:38.404512 [debug]: Started analyzing model RAW.stg_products
10:36:38.404568 [debug]: Finished rendering [  0.01s] model RAW.stg_geolocation [success]
10:36:38.404587 [debug]: Started analyzing model RAW.stg_geolocation
10:36:38.404615 [debug]: Finished rendering [  0.01s] model RAW.product_performance [success]
10:36:38.404628 [debug]: Started analyzing model RAW.product_performance
10:36:38.404656 [debug]: Finished rendering [  0.01s] model RAW.stg_order_items [success]
10:36:38.404668 [debug]: Started analyzing model RAW.stg_order_items
10:36:38.404689 [debug]: Finished rendering [  0.01s] model RAW.stg_product_category_name_translation [success]
10:36:38.404702 [debug]: Started analyzing model RAW.stg_product_category_name_translation
10:36:38.404841 [debug]: Compiled SQL for node model.dbt_labs_olist.stg_order_reviews at target/.lsp/compiled/dbt_labs_olist/models/staging/stg_order_reviews.sql
10:36:38.405046 [debug]: Finished analyzing [  0.00s] model RAW.int_order_products [success]
10:36:38.405114 [info ]:  Succeeded model RAW.int_order_products (view) [8 of 12 in 0.01s]
10:36:38.405207 [debug]: Finished analyzing [  0.00s] model RAW.stg_products [success]
10:36:38.405236 [info ]:  Succeeded model RAW.stg_products (view) [9 of 12 in 0.01s]
10:36:38.405360 [debug]: Finished analyzing [  0.00s] model RAW.stg_geolocation [success]
10:36:38.405383 [info ]:  Succeeded model RAW.stg_geolocation (view) [6 of 12 in 0.01s]
10:36:38.405498 [debug]: Finished rendering [  0.01s] model RAW.stg_order_reviews [success]
10:36:38.405536 [debug]: Started analyzing model RAW.stg_order_reviews
10:36:38.405705 [debug]: Finished analyzing [  0.00s] model RAW.stg_order_items [success]
10:36:38.405769 [info ]:  Succeeded model RAW.stg_order_items (view) [10 of 12 in 0.01s]
10:36:38.405913 [debug]: Finished analyzing [  0.00s] model RAW.stg_order_reviews [success]
10:36:38.405935 [debug]: Compiled SQL for node model.dbt_labs_olist.stg_orders at target/.lsp/compiled/dbt_labs_olist/models/staging/stg_orders.sql
10:36:38.405945 [info ]:  Succeeded model RAW.stg_order_reviews (view) [4 of 12 in 0.01s]
10:36:38.405951 [debug]: Compiled SQL for node model.dbt_labs_olist.stg_customers at target/.lsp/compiled/dbt_labs_olist/models/staging/stg_customers.sql
10:36:38.405992 [debug]: Finished analyzing [  0.00s] model RAW.product_performance [success]
10:36:38.406017 [info ]:  Succeeded model RAW.product_performance (view) [7 of 12 in 0.01s]
10:36:38.406085 [debug]: Finished analyzing [  0.00s] model RAW.stg_product_category_name_translation [success]
10:36:38.406101 [debug]: Compiled SQL for node model.dbt_labs_olist.stg_order_payments at target/.lsp/compiled/dbt_labs_olist/models/staging/stg_order_payments.sql
10:36:38.406124 [info ]:  Succeeded model RAW.stg_product_category_name_translation (view) [2 of 12 in 0.01s]
10:36:38.406187 [debug]: Finished rendering [  0.01s] model RAW.stg_customers [success]
10:36:38.406224 [debug]: Started analyzing model RAW.stg_customers
10:36:38.406276 [debug]: Finished rendering [  0.02s] model RAW.stg_orders [success]
10:36:38.406300 [debug]: Started analyzing model RAW.stg_orders
10:36:38.406347 [debug]: Finished rendering [  0.02s] model RAW.stg_order_payments [success]
10:36:38.406363 [debug]: Started analyzing model RAW.stg_order_payments
10:36:38.406932 [debug]: Compiled SQL for node model.dbt_labs_olist.stg_sellers at target/.lsp/compiled/dbt_labs_olist/models/staging/stg_sellers.sql
10:36:38.407194 [debug]: Finished analyzing [  0.00s] model RAW.stg_customers [success]
10:36:38.407323 [info ]:  Succeeded model RAW.stg_customers (view) [12 of 12 in 0.01s]
10:36:38.407729 [debug]: Finished rendering [  0.02s] model RAW.stg_sellers [success]
10:36:38.407779 [info ]: Finished rendering [  0.02s] (12 nodes, 0 skipped, 0 errors)
10:36:38.407834 [debug]: Started analyzing model RAW.stg_sellers
10:36:38.408395 [debug]: Finished analyzing [  0.00s] model RAW.stg_sellers [success]
10:36:38.408565 [info ]:  Succeeded model RAW.stg_sellers (view) [1 of 12 in 0.02s]
10:36:38.408666 [debug]: Finished analyzing [  0.00s] model RAW.stg_orders [success]
10:36:38.408686 [info ]:  Succeeded model RAW.stg_orders (view) [3 of 12 in 0.02s]
10:36:38.408781 [debug]: Finished analyzing [  0.00s] model RAW.stg_order_payments [success]
10:36:38.408862 [info ]: Finished analyzing [  0.01s] (12 nodes, 0 skipped, 0 errors)
10:36:38.408945 [info ]:  Succeeded model RAW.stg_order_payments (view) [5 of 12 in 0.02s]
10:36:38.417939 [info ]: Started scheduling
10:36:38.418227 [info ]: Finished scheduling [  0.00s]
10:36:38.418432 [info ]: 
==================== Execution Summary =====================
Finished 'compile' successfully for target 'dev' [141ms]
Processed: 12 models
Summary: 12 total | 12 success
10:36:38.418896 [info ]: Cached model count updated: 12 models (accurate)
10:36:38.890047 [info ]: Loading ~/.dbt/profiles.yml
==================== 2026-10-06T10:37:16.130108Z | 346f813c-29a2-4d96-960f-13d24842b848 ====================
10:37:16.130898 [info ]: Started loading project
10:37:16.132305 [info ]: Loading ~/.dbt/profiles.yml
10:37:16.140789 [info ]: Finished loading project [  0.01s]
==================== 2026-10-06T10:37:16.143262Z | 10aa7ab2-d5e3-4e28-a8b0-6ae72b1621f6 ====================
10:37:16.143420 [info ]: Started loading project
10:37:16.143879 [info ]: Loading ~/.dbt/profiles.yml
10:37:16.159340 [debug]:    Started loading packages
10:37:16.162085 [debug]:     Loaded [  0.00s] packages
10:37:16.164716 [info ]: Finished loading project [  0.02s]
10:37:16.165471 [info ]: Started parsing
10:37:16.254609 [debug]: Finished parsing models/intermediate/int_order_products.yml [  0.00s]
10:37:16.255245 [debug]: Finished parsing models/marts/customer_locations.yml [  0.00s]
10:37:16.255885 [debug]: Finished parsing models/marts/product_performance.yml [  0.00s]
10:37:16.256824 [debug]: Finished parsing models/staging/__sources.yml [  0.00s]
10:37:16.257424 [debug]: Finished parsing models/staging/stg_customers.yml [  0.00s]
10:37:16.258291 [debug]: Finished parsing models/staging/stg_geolocation.yml [  0.00s]
10:37:16.259058 [debug]: Finished parsing models/staging/stg_order_items.yml [  0.00s]
10:37:16.259791 [debug]: Finished parsing models/staging/stg_order_payments.yml [  0.00s]
10:37:16.260221 [debug]: Finished parsing models/staging/stg_order_reviews.yml [  0.00s]
10:37:16.260607 [debug]: Finished parsing models/staging/stg_orders.yml [  0.00s]
10:37:16.260828 [debug]: Finished parsing models/staging/stg_product_category_name_translation.yml [  0.00s]
10:37:16.261040 [debug]: Finished parsing models/staging/stg_products.yml [  0.00s]
10:37:16.261486 [debug]: Finished parsing models/staging/stg_sellers.yml [  0.00s]
10:37:16.269234 [debug]: Finished parsing models/intermediate/int_order_products.sql [  0.00s]
10:37:16.271277 [debug]: Finished parsing models/marts/customer_locations.sql [  0.00s]
10:37:16.273643 [debug]: Finished parsing models/marts/product_performance.sql [  0.00s]
10:37:16.275245 [debug]: Finished parsing models/staging/stg_customers.sql [  0.00s]
10:37:16.277742 [debug]: Finished parsing models/staging/stg_geolocation.sql [  0.00s]
10:37:16.279498 [debug]: Finished parsing models/staging/stg_order_items.sql [  0.00s]
10:37:16.281178 [debug]: Finished parsing models/staging/stg_order_payments.sql [  0.00s]
10:37:16.283227 [debug]: Finished parsing models/staging/stg_order_reviews.sql [  0.00s]
10:37:16.284843 [debug]: Finished parsing models/staging/stg_orders.sql [  0.00s]
10:37:16.286842 [debug]: Finished parsing models/staging/stg_product_category_name_translation.sql [  0.00s]
10:37:16.288830 [debug]: Finished parsing models/staging/stg_products.sql [  0.00s]
10:37:16.291088 [debug]: Finished parsing models/staging/stg_sellers.sql [  0.00s]
10:37:16.528559 [info ]: Finished parsing [  0.36s]
10:37:16.529369 [info ]: Cached model count updated: 12 models (estimate)
10:37:16.529417 [info ]: Cached model count updated: 12 models (accurate)
10:37:16.529501 [info ]: Started scheduling
10:37:16.529615 [info ]: Finished scheduling [  0.00s]
10:37:16.529651 [debug]: Compilation - 0 nodes selected: {}
10:37:16.530061 [warn ]: [NoNodesForSelectionCriteria (dbt1092)]: The selection criterion '' does not match any enabled nodes
10:37:16.530315 [warn ]: [NoNodesSelected (dbt1601)]: Nothing to do. Try checking your model configs and model specification args
10:37:16.530358 [info ]: Started scheduling
10:37:16.530678 [info ]: Finished scheduling [  0.00s]
10:37:16.533712 [debug]: Initializing schema store with entry: Frontier(CanonicalFqn { catalog: "FINALPROJECT1", schema: "RAW", table: "OLIST_ORDER_ITEMS_DATASET" }) and interval: None
10:37:16.533993 [debug]: Initializing schema store with entry: Frontier(CanonicalFqn { catalog: "FINALPROJECT1", schema: "RAW", table: "OLIST_GEOLOCATION_DATASET" }) and interval: None
10:37:16.534045 [debug]: Initializing schema store with entry: Frontier(CanonicalFqn { catalog: "FINALPROJECT1", schema: "RAW", table: "PRODUCT_CATEGORY_NAME_TRANSLATION" }) and interval: None
10:37:16.534084 [debug]: Initializing schema store with entry: Frontier(CanonicalFqn { catalog: "FINALPROJECT1", schema: "RAW", table: "OLIST_ORDER_REVIEWS_DATASET" }) and interval: None
10:37:16.534145 [debug]: Initializing schema store with entry: Frontier(CanonicalFqn { catalog: "FINALPROJECT1", schema: "RAW", table: "OLIST_SELLERS_DATASET" }) and interval: None
10:37:16.534270 [debug]: Initializing schema store with entry: Frontier(CanonicalFqn { catalog: "FINALPROJECT1", schema: "RAW", table: "OLIST_ORDERS_DATASET" }) and interval: None
10:37:16.534381 [debug]: Initializing schema store with entry: Frontier(CanonicalFqn { catalog: "FINALPROJECT1", schema: "RAW", table: "OLIST_ORDER_PAYMENTS_DATASET" }) and interval: None
10:37:16.534434 [debug]: Initializing schema store with entry: Frontier(CanonicalFqn { catalog: "FINALPROJECT1", schema: "RAW", table: "OLIST_PRODUCTS_DATASET" }) and interval: None
10:37:16.534532 [debug]: Initializing schema store with entry: Frontier(CanonicalFqn { catalog: "FINALPROJECT1", schema: "RAW", table: "OLIST_CUSTOMER_DATASET" }) and interval: None
10:37:16.539280 [info ]: Started building task graph
10:37:16.539392 [info ]: Finished building task graph [  0.00s]
10:37:16.551802 [info ]: Started scheduling
10:37:16.552036 [info ]: Finished scheduling [  0.00s]
10:37:16.552262 [info ]: 
==================== Execution Summary =====================
Finished 'compile' with 2 warnings for target 'dev' [409ms]
10:37:16.552457 [info ]: 
==================== Execution Summary =====================
Finished 'compile' successfully for target 'dev' [422ms]
10:37:16.559553 [info ]: Cached model count updated: 12 models (accurate)
==================== 2026-10-06T10:37:17.842702Z | 3b673be0-6f89-4b12-a368-12b7c1d4f34e ====================
10:37:17.843010 [info ]: Started loading project
10:37:17.843508 [info ]: Loading ~/.dbt/profiles.yml
10:37:17.849387 [info ]: Finished loading project [  0.01s]
10:37:17.893703 [info ]: Cached model count updated: 12 models (estimate)
10:37:17.893822 [info ]: Cached model count updated: 12 models (accurate)
10:37:17.893911 [info ]: Started scheduling
10:37:17.894213 [info ]: Finished scheduling [  0.00s]
10:37:17.894326 [debug]: Compilation - 12 nodes selected: {"model.dbt_labs_olist.customer_locations", "model.dbt_labs_olist.int_order_products", "model.dbt_labs_olist.product_performance", "model.dbt_labs_olist.stg_customers", "model.dbt_labs_olist.stg_geolocation", "model.dbt_labs_olist.stg_order_items", "model.dbt_labs_olist.stg_order_payments", "model.dbt_labs_olist.stg_order_reviews", "model.dbt_labs_olist.stg_orders", "model.dbt_labs_olist.stg_product_category_name_translation", "model.dbt_labs_olist.stg_products", "model.dbt_labs_olist.stg_sellers"}
10:37:17.898709 [info ]: Started building task graph
10:37:17.899120 [info ]: Finished building task graph [  0.00s]
10:37:17.901445 [info ]: Started rendering (12 nodes)
10:37:17.901569 [info ]: Started model RAW.stg_sellers
10:37:17.901589 [debug]: Started rendering model RAW.stg_sellers
10:37:17.901692 [info ]: Started model RAW.stg_product_category_name_translation
10:37:17.901709 [debug]: Started rendering model RAW.stg_product_category_name_translation
10:37:17.901732 [info ]: Started model RAW.stg_orders
10:37:17.901751 [debug]: Started rendering model RAW.stg_orders
10:37:17.901777 [info ]: Started model RAW.stg_order_reviews
10:37:17.901789 [debug]: Started rendering model RAW.stg_order_reviews
10:37:17.901809 [info ]: Started model RAW.stg_order_payments
10:37:17.901817 [debug]: Started rendering model RAW.stg_order_payments
10:37:17.901837 [info ]: Started model RAW.stg_geolocation
10:37:17.901856 [debug]: Started rendering model RAW.stg_geolocation
10:37:17.901873 [info ]: Started model RAW.stg_products
10:37:17.901881 [debug]: Started rendering model RAW.stg_products
10:37:17.901896 [info ]: Started model RAW.stg_order_items
10:37:17.901962 [debug]: Started rendering model RAW.stg_order_items
10:37:17.901994 [info ]: Started model RAW.stg_customers
10:37:17.902004 [debug]: Started rendering model RAW.stg_customers
10:37:17.905230 [debug]: Compiled SQL for node model.dbt_labs_olist.stg_products at target/.lsp/compiled/dbt_labs_olist/models/staging/stg_products.sql
10:37:17.905827 [debug]: Finished rendering [  0.00s] model RAW.stg_products [success]
10:37:17.905928 [info ]: Started analyzing (12 nodes)
10:37:17.905953 [debug]: Started analyzing model RAW.stg_products
10:37:17.907489 [debug]: Compiled SQL for node model.dbt_labs_olist.stg_orders at target/.lsp/compiled/dbt_labs_olist/models/staging/stg_orders.sql
10:37:17.907919 [debug]: Finished rendering [  0.01s] model RAW.stg_orders [success]
10:37:17.908276 [debug]: Started analyzing model RAW.stg_orders
10:37:17.909198 [debug]: Compiled SQL for node model.dbt_labs_olist.stg_order_items at target/.lsp/compiled/dbt_labs_olist/models/staging/stg_order_items.sql
10:37:17.910582 [debug]: Compiled SQL for node model.dbt_labs_olist.stg_product_category_name_translation at target/.lsp/compiled/dbt_labs_olist/models/staging/stg_product_category_name_translation.sql
10:37:17.910671 [debug]: Compiled SQL for node model.dbt_labs_olist.stg_order_payments at target/.lsp/compiled/dbt_labs_olist/models/staging/stg_order_payments.sql
10:37:17.911189 [debug]: Compiled SQL for node model.dbt_labs_olist.stg_customers at target/.lsp/compiled/dbt_labs_olist/models/staging/stg_customers.sql
10:37:17.911390 [debug]: Compiled SQL for node model.dbt_labs_olist.stg_order_reviews at target/.lsp/compiled/dbt_labs_olist/models/staging/stg_order_reviews.sql
10:37:17.911570 [debug]: Compiled SQL for node model.dbt_labs_olist.stg_geolocation at target/.lsp/compiled/dbt_labs_olist/models/staging/stg_geolocation.sql
10:37:17.912004 [debug]: Finished rendering [  0.01s] model RAW.stg_product_category_name_translation [success]
10:37:17.912163 [debug]: Started analyzing model RAW.stg_product_category_name_translation
10:37:17.912297 [debug]: Finished rendering [  0.01s] model RAW.stg_order_items [success]
10:37:17.912377 [debug]: Started analyzing model RAW.stg_order_items
10:37:17.912415 [debug]: Finished rendering [  0.01s] model RAW.stg_order_payments [success]
10:37:17.912497 [debug]: Started analyzing model RAW.stg_order_payments
10:37:17.912535 [debug]: Finished rendering [  0.01s] model RAW.stg_customers [success]
10:37:17.912562 [debug]: Started analyzing model RAW.stg_customers
10:37:17.912594 [debug]: Finished rendering [  0.01s] model RAW.stg_order_reviews [success]
10:37:17.912674 [debug]: Started analyzing model RAW.stg_order_reviews
10:37:17.912716 [debug]: Finished rendering [  0.01s] model RAW.stg_geolocation [success]
10:37:17.912745 [debug]: Compiled SQL for node model.dbt_labs_olist.stg_sellers at target/.lsp/compiled/dbt_labs_olist/models/staging/stg_sellers.sql
10:37:17.912815 [debug]: Started analyzing model RAW.stg_geolocation
10:37:17.912886 [debug]: Finished analyzing [  0.00s] model RAW.stg_orders [success]
10:37:17.912917 [info ]:  Succeeded model RAW.stg_orders (view) [3 of 12 in 0.01s]
10:37:17.913219 [debug]: Finished analyzing [  0.01s] model RAW.stg_products [success]
10:37:17.913317 [info ]:  Succeeded model RAW.stg_products (view) [7 of 12 in 0.01s]
10:37:17.913511 [debug]: Finished rendering [  0.01s] model RAW.stg_sellers [success]
10:37:17.913605 [debug]: Started analyzing model RAW.stg_sellers
10:37:17.914586 [debug]: Finished analyzing [  0.00s] model RAW.stg_product_category_name_translation [success]
10:37:17.914747 [info ]:  Succeeded model RAW.stg_product_category_name_translation (view) [2 of 12 in 0.01s]
10:37:17.914841 [debug]: Finished analyzing [  0.00s] model RAW.stg_sellers [success]
10:37:17.914867 [info ]:  Succeeded model RAW.stg_sellers (view) [1 of 12 in 0.01s]
10:37:17.915028 [debug]: Finished analyzing [  0.00s] model RAW.stg_order_reviews [success]
10:37:17.915082 [info ]:  Succeeded model RAW.stg_order_reviews (view) [4 of 12 in 0.01s]
10:37:17.915190 [debug]: Finished analyzing [  0.00s] model RAW.stg_order_items [success]
10:37:17.915235 [info ]:  Succeeded model RAW.stg_order_items (view) [8 of 12 in 0.01s]
10:37:17.915366 [info ]: Started model RAW.int_order_products
10:37:17.915431 [debug]: Started rendering model RAW.int_order_products
10:37:17.916621 [debug]: Finished analyzing [  0.00s] model RAW.stg_geolocation [success]
10:37:17.916766 [info ]:  Succeeded model RAW.stg_geolocation (view) [6 of 12 in 0.01s]
10:37:17.917070 [debug]: Finished analyzing [  0.00s] model RAW.stg_order_payments [success]
10:37:17.917155 [info ]:  Succeeded model RAW.stg_order_payments (view) [5 of 12 in 0.01s]
10:37:17.917183 [debug]: Compiled SQL for node model.dbt_labs_olist.int_order_products at target/.lsp/compiled/dbt_labs_olist/models/intermediate/int_order_products.sql
10:37:17.917213 [debug]: Finished analyzing [  0.00s] model RAW.stg_customers [success]
10:37:17.917368 [info ]:  Succeeded model RAW.stg_customers (view) [9 of 12 in 0.01s]
10:37:17.917439 [info ]: Started model RAW.customer_locations
10:37:17.917461 [debug]: Started rendering model RAW.customer_locations
10:37:17.917629 [debug]: Finished rendering [  0.00s] model RAW.int_order_products [success]
10:37:17.917694 [debug]: Started analyzing model RAW.int_order_products
10:37:17.919226 [debug]: Compiled SQL for node model.dbt_labs_olist.customer_locations at target/.lsp/compiled/dbt_labs_olist/models/marts/customer_locations.sql
10:37:17.919808 [debug]: Finished rendering [  0.00s] model RAW.customer_locations [success]
10:37:17.919987 [debug]: Started analyzing model RAW.customer_locations
10:37:17.922361 [debug]: Finished analyzing [  0.00s] model RAW.customer_locations [success]
10:37:17.922503 [info ]:  Succeeded model RAW.customer_locations (table) [11 of 12 in 0.00s]
10:37:17.923703 [debug]: Finished analyzing [  0.01s] model RAW.int_order_products [success]
10:37:17.923862 [info ]:  Succeeded model RAW.int_order_products (view) [10 of 12 in 0.01s]
10:37:17.923949 [info ]: Started model RAW.product_performance
10:37:17.923968 [debug]: Started rendering model RAW.product_performance
10:37:17.926441 [debug]: Compiled SQL for node model.dbt_labs_olist.product_performance at target/.lsp/compiled/dbt_labs_olist/models/marts/product_performance.sql
10:37:17.927133 [debug]: Finished rendering [  0.00s] model RAW.product_performance [success]
10:37:17.927261 [info ]: Finished rendering [  0.03s] (12 nodes, 0 skipped, 0 errors)
10:37:17.927334 [debug]: Started analyzing model RAW.product_performance
10:37:17.930394 [debug]: Finished analyzing [  0.00s] model RAW.product_performance [success]
10:37:17.930564 [info ]: Finished analyzing [  0.02s] (12 nodes, 0 skipped, 0 errors)
10:37:17.930589 [info ]:  Succeeded model RAW.product_performance (table) [12 of 12 in 0.01s]
10:37:17.944126 [info ]: Started scheduling
10:37:17.944364 [info ]: Finished scheduling [  0.00s]
10:37:17.944530 [info ]: 
==================== Execution Summary =====================
Finished 'compile' successfully for target 'dev' [101ms]
Processed: 12 models
Summary: 12 total | 12 success
10:37:17.944826 [info ]: Cached model count updated: 12 models (accurate)
10:37:18.388648 [info ]: Loading ~/.dbt/profiles.yml
10:37:29.084905 [debug]: Ignoring unsupported LSP notification
10:37:30.084530 [debug]: Ignoring unsupported LSP notification
